ISO-10303-21;
HEADER;
/* Generated by software containing ST-Developer
 * from STEP Tools, Inc. (www.steptools.com) 
 */
/* OPTION: using custom renumber hook */

FILE_DESCRIPTION(
/* description */ ('STEP AP242',
'CAx-IF Rec.Pracs.---Representation and Presentation of Product Manufa
cturing Information (PMI)---4.0---2014-10-13',
'CAx-IF Rec.Pracs.---3D Tessellated Geometry---0.4---2014-09-14','2;1'),

/* implementation_level */ '2;1');

FILE_NAME(
/* name */ 'Part Studio 1 - Part 5',
/* time_stamp */ '2025-07-21T21:28:57Z',
/* author */ (''),
/* organization */ (''),
/* preprocessor_version */ 'ST-DEVELOPER v20',
/* originating_system */ 'ONSHAPE BY PTC INC, 1.201',
/* authorisation */ '  ');

FILE_SCHEMA (('AP242_MANAGED_MODEL_BASED_3D_ENGINEERING_MIM_LF { 1 0 10303 442 1 1 4 }'));
ENDSEC;

DATA;
#10=SHAPE_REPRESENTATION_RELATIONSHIP('','',#953,#11);
#11=ADVANCED_BREP_SHAPE_REPRESENTATION('',(#951),#1802);
#12=VERTEX_LOOP('',#701);
#13=B_SPLINE_SURFACE_WITH_KNOTS('',3,3,((#1609,#1610,#1611,#1612,#1613,
#1614,#1615,#1616,#1617,#1618,#1619),(#1620,#1621,#1622,#1623,#1624,#1625,
#1626,#1627,#1628,#1629,#1630),(#1631,#1632,#1633,#1634,#1635,#1636,#1637,
#1638,#1639,#1640,#1641),(#1642,#1643,#1644,#1645,#1646,#1647,#1648,#1649,
#1650,#1651,#1652)),.UNSPECIFIED.,.F.,.T.,.F.,(4,4),(1,1,1,1,1,1,1,1,1,
1,1,1,1,1,1),(0.0931439353934958,0.5),(-2.35619449019234,-1.5707963267949,
-0.785398163397448,0.,0.785398163397448,1.5707963267949,2.35619449019234,
3.14159265358979,3.92699081698724,4.71238898038469,5.49778714378214,6.28318530717959,
7.06858347057703,7.85398163397448,8.63937979737193),.UNSPECIFIED.);
#14=CYLINDRICAL_SURFACE('',#998,0.00508);
#15=CYLINDRICAL_SURFACE('',#1004,0.0015875);
#16=LINE('',#1385,#83);
#17=LINE('',#1389,#84);
#18=LINE('',#1421,#85);
#19=LINE('',#1423,#86);
#20=LINE('',#1454,#87);
#21=LINE('',#1456,#88);
#22=LINE('',#1490,#89);
#23=LINE('',#1491,#90);
#24=LINE('',#1520,#91);
#25=LINE('',#1523,#92);
#26=LINE('',#1525,#93);
#27=LINE('',#1527,#94);
#28=LINE('',#1532,#95);
#29=LINE('',#1536,#96);
#30=LINE('',#1538,#97);
#31=LINE('',#1540,#98);
#32=LINE('',#1541,#99);
#33=LINE('',#1543,#100);
#34=LINE('',#1545,#101);
#35=LINE('',#1547,#102);
#36=LINE('',#1549,#103);
#37=LINE('',#1551,#104);
#38=LINE('',#1552,#105);
#39=LINE('',#1553,#106);
#40=LINE('',#1562,#107);
#41=LINE('',#1564,#108);
#42=LINE('',#1566,#109);
#43=LINE('',#1568,#110);
#44=LINE('',#1570,#111);
#45=LINE('',#1572,#112);
#46=LINE('',#1574,#113);
#47=LINE('',#1576,#114);
#48=LINE('',#1577,#115);
#49=LINE('',#1580,#116);
#50=LINE('',#1581,#117);
#51=LINE('',#1733,#118);
#52=LINE('',#1735,#119);
#53=LINE('',#1737,#120);
#54=LINE('',#1739,#121);
#55=LINE('',#1741,#122);
#56=LINE('',#1744,#123);
#57=LINE('',#1746,#124);
#58=LINE('',#1748,#125);
#59=LINE('',#1750,#126);
#60=LINE('',#1752,#127);
#61=LINE('',#1755,#128);
#62=LINE('',#1757,#129);
#63=LINE('',#1759,#130);
#64=LINE('',#1761,#131);
#65=LINE('',#1763,#132);
#66=LINE('',#1766,#133);
#67=LINE('',#1767,#134);
#68=LINE('',#1769,#135);
#69=LINE('',#1771,#136);
#70=LINE('',#1773,#137);
#71=LINE('',#1775,#138);
#72=LINE('',#1778,#139);
#73=LINE('',#1780,#140);
#74=LINE('',#1782,#141);
#75=LINE('',#1784,#142);
#76=LINE('',#1786,#143);
#77=LINE('',#1789,#144);
#78=LINE('',#1791,#145);
#79=LINE('',#1793,#146);
#80=LINE('',#1795,#147);
#81=LINE('',#1797,#148);
#82=LINE('',#1798,#149);
#83=VECTOR('',#1109,1.);
#84=VECTOR('',#1112,1.);
#85=VECTOR('',#1119,1.);
#86=VECTOR('',#1120,1.);
#87=VECTOR('',#1127,1.);
#88=VECTOR('',#1128,1.);
#89=VECTOR('',#1137,1.);
#90=VECTOR('',#1138,1.);
#91=VECTOR('',#1143,1.);
#92=VECTOR('',#1144,1.);
#93=VECTOR('',#1145,1.);
#94=VECTOR('',#1146,1.);
#95=VECTOR('',#1151,1.);
#96=VECTOR('',#1154,1.);
#97=VECTOR('',#1157,1.);
#98=VECTOR('',#1158,1.);
#99=VECTOR('',#1159,1.);
#100=VECTOR('',#1160,1.);
#101=VECTOR('',#1163,1.);
#102=VECTOR('',#1164,1.);
#103=VECTOR('',#1165,1.);
#104=VECTOR('',#1168,1.);
#105=VECTOR('',#1169,1.);
#106=VECTOR('',#1170,1.);
#107=VECTOR('',#1183,1.);
#108=VECTOR('',#1184,1.);
#109=VECTOR('',#1185,1.);
#110=VECTOR('',#1188,1.);
#111=VECTOR('',#1189,1.);
#112=VECTOR('',#1192,1.);
#113=VECTOR('',#1193,1.);
#114=VECTOR('',#1196,1.);
#115=VECTOR('',#1197,1.);
#116=VECTOR('',#1202,1.);
#117=VECTOR('',#1203,1.);
#118=VECTOR('',#1220,1.);
#119=VECTOR('',#1221,1.);
#120=VECTOR('',#1224,1.);
#121=VECTOR('',#1225,1.);
#122=VECTOR('',#1228,1.);
#123=VECTOR('',#1233,1.);
#124=VECTOR('',#1234,1.);
#125=VECTOR('',#1237,1.);
#126=VECTOR('',#1238,1.);
#127=VECTOR('',#1241,1.);
#128=VECTOR('',#1246,1.);
#129=VECTOR('',#1247,1.);
#130=VECTOR('',#1250,1.);
#131=VECTOR('',#1251,1.);
#132=VECTOR('',#1254,1.);
#133=VECTOR('',#1259,1.);
#134=VECTOR('',#1260,1.);
#135=VECTOR('',#1261,1.);
#136=VECTOR('',#1264,1.);
#137=VECTOR('',#1265,1.);
#138=VECTOR('',#1268,1.);
#139=VECTOR('',#1273,1.);
#140=VECTOR('',#1274,1.);
#141=VECTOR('',#1277,1.);
#142=VECTOR('',#1278,1.);
#143=VECTOR('',#1281,1.);
#144=VECTOR('',#1286,1.);
#145=VECTOR('',#1287,1.);
#146=VECTOR('',#1290,1.);
#147=VECTOR('',#1291,1.);
#148=VECTOR('',#1294,1.);
#149=VECTOR('',#1295,1.);
#150=PLANE('',#984);
#151=PLANE('',#988);
#152=PLANE('',#991);
#153=PLANE('',#995);
#154=PLANE('',#997);
#155=PLANE('',#1001);
#156=PLANE('',#1002);
#157=PLANE('',#1003);
#158=PLANE('',#1007);
#159=PLANE('',#1008);
#160=PLANE('',#1009);
#161=PLANE('',#1010);
#162=PLANE('',#1011);
#163=PLANE('',#1012);
#164=PLANE('',#1013);
#165=PLANE('',#1014);
#166=PLANE('',#1022);
#167=PLANE('',#1023);
#168=PLANE('',#1024);
#169=PLANE('',#1025);
#170=PLANE('',#1026);
#171=PLANE('',#1027);
#172=PLANE('',#1028);
#173=PLANE('',#1029);
#174=PLANE('',#1030);
#175=PLANE('',#1031);
#176=PLANE('',#1032);
#177=PLANE('',#1033);
#178=PLANE('',#1034);
#179=PLANE('',#1035);
#180=PLANE('',#1036);
#181=PLANE('',#1037);
#182=PLANE('',#1038);
#183=PLANE('',#1039);
#184=PLANE('',#1040);
#185=PLANE('',#1041);
#186=PLANE('',#1042);
#187=PLANE('',#1043);
#188=PLANE('',#1044);
#189=PLANE('',#1045);
#190=PLANE('',#1046);
#191=SPHERICAL_SURFACE('',#957,0.0055);
#192=B_SPLINE_CURVE_WITH_KNOTS('',3,(#1320,#1321,#1322,#1323),
 .UNSPECIFIED.,.F.,.F.,(4,4),(0.00139782012372766,0.00213435524732831),
 .UNSPECIFIED.);
#193=B_SPLINE_CURVE_WITH_KNOTS('',3,(#1327,#1328,#1329,#1330),
 .UNSPECIFIED.,.F.,.F.,(4,4),(0.00139782012372765,0.00213435524732832),
 .UNSPECIFIED.);
#194=B_SPLINE_CURVE_WITH_KNOTS('',3,(#1406,#1407,#1408,#1409),
 .UNSPECIFIED.,.F.,.F.,(4,4),(0.,0.00213207320594973),.UNSPECIFIED.);
#195=B_SPLINE_CURVE_WITH_KNOTS('',3,(#1414,#1415,#1416,#1417),
 .UNSPECIFIED.,.F.,.F.,(4,4),(0.,0.00213435524732835),.UNSPECIFIED.);
#196=B_SPLINE_CURVE_WITH_KNOTS('',3,(#1445,#1446,#1447,#1448),
 .UNSPECIFIED.,.F.,.F.,(4,4),(0.,0.00213207320594973),.UNSPECIFIED.);
#197=B_SPLINE_CURVE_WITH_KNOTS('',3,(#1449,#1450,#1451,#1452),
 .UNSPECIFIED.,.F.,.F.,(4,4),(0.,0.00213207320594975),.UNSPECIFIED.);
#198=B_SPLINE_CURVE_WITH_KNOTS('',3,(#1475,#1476,#1477,#1478),
 .UNSPECIFIED.,.F.,.F.,(4,4),(0.,0.00213435524732831),.UNSPECIFIED.);
#199=B_SPLINE_CURVE_WITH_KNOTS('',3,(#1483,#1484,#1485,#1486),
 .UNSPECIFIED.,.F.,.F.,(4,4),(0.,0.00213435524732836),.UNSPECIFIED.);
#200=B_SPLINE_CURVE_WITH_KNOTS('',3,(#1511,#1512,#1513,#1514),
 .UNSPECIFIED.,.F.,.F.,(4,4),(0.,0.00213207320594974),.UNSPECIFIED.);
#201=B_SPLINE_CURVE_WITH_KNOTS('',3,(#1515,#1516,#1517,#1518),
 .UNSPECIFIED.,.F.,.F.,(4,4),(0.,0.00213207320594975),.UNSPECIFIED.);
#202=B_SPLINE_CURVE_WITH_KNOTS('',3,(#1598,#1599,#1600,#1601),
 .UNSPECIFIED.,.F.,.F.,(4,4),(4.33680868994202E-19,0.00213435524732828),
 .UNSPECIFIED.);
#203=B_SPLINE_CURVE_WITH_KNOTS('',3,(#1605,#1606,#1607,#1608),
 .UNSPECIFIED.,.F.,.F.,(4,4),(0.,0.00213207320594976),.UNSPECIFIED.);
#204=B_SPLINE_CURVE_WITH_KNOTS('',3,(#1654,#1655,#1656,#1657,#1658),
 .UNSPECIFIED.,.F.,.F.,(4,1,4),(0.,0.00145303183749951,0.00290606367499902),
 .UNSPECIFIED.);
#205=B_SPLINE_CURVE_WITH_KNOTS('',3,(#1662,#1663,#1664,#1665,#1666),
 .UNSPECIFIED.,.F.,.F.,(4,1,4),(0.,0.00145303183750098,0.00290606367500196),
 .UNSPECIFIED.);
#206=B_SPLINE_CURVE_WITH_KNOTS('',3,(#1667,#1668,#1669,#1670,#1671),
 .UNSPECIFIED.,.F.,.F.,(4,1,4),(0.,0.00145303183749952,0.00290606367499905),
 .UNSPECIFIED.);
#207=B_SPLINE_CURVE_WITH_KNOTS('',3,(#1675,#1676,#1677,#1678,#1679),
 .UNSPECIFIED.,.F.,.F.,(4,1,4),(4.44644516275083E-17,0.001453031837501,
0.00290606367500196),.UNSPECIFIED.);
#208=B_SPLINE_CURVE_WITH_KNOTS('',3,(#1680,#1681,#1682,#1683,#1684),
 .UNSPECIFIED.,.F.,.F.,(4,1,4),(0.,0.00145149236034528,0.00290298472069055),
 .UNSPECIFIED.);
#209=B_SPLINE_CURVE_WITH_KNOTS('',3,(#1688,#1689,#1690,#1691,#1692),
 .UNSPECIFIED.,.F.,.F.,(4,1,4),(3.74901998579788E-17,0.0014514923603461,
0.00290298472069216),.UNSPECIFIED.);
#210=B_SPLINE_CURVE_WITH_KNOTS('',3,(#1693,#1694,#1695,#1696,#1697),
 .UNSPECIFIED.,.F.,.F.,(4,1,4),(0.0102741712454608,0.0117267930424941,0.0131794148395274),
 .UNSPECIFIED.);
#211=B_SPLINE_CURVE_WITH_KNOTS('',3,(#1701,#1702,#1703,#1704,#1705),
 .UNSPECIFIED.,.F.,.F.,(4,1,4),(0.0102741712454609,0.0117267930424942,0.0131794148395275),
 .UNSPECIFIED.);
#212=B_SPLINE_CURVE_WITH_KNOTS('',3,(#1706,#1707,#1708,#1709,#1710),
 .UNSPECIFIED.,.F.,.F.,(4,1,4),(0.0102741712454608,0.0117267930424941,0.0131794148395274),
 .UNSPECIFIED.);
#213=B_SPLINE_CURVE_WITH_KNOTS('',3,(#1714,#1715,#1716,#1717,#1718),
 .UNSPECIFIED.,.F.,.F.,(4,1,4),(0.010274171245461,0.0117267930424943,0.0131794148395276),
 .UNSPECIFIED.);
#214=B_SPLINE_CURVE_WITH_KNOTS('',3,(#1719,#1720,#1721,#1722,#1723),
 .UNSPECIFIED.,.F.,.F.,(4,1,4),(0.,0.00145365035165329,0.00290730070330657),
 .UNSPECIFIED.);
#215=B_SPLINE_CURVE_WITH_KNOTS('',3,(#1727,#1728,#1729,#1730,#1731),
 .UNSPECIFIED.,.F.,.F.,(4,1,4),(7.57391076790106E-18,0.00145365035165332,
0.00290730070330663),.UNSPECIFIED.);
#216=ORIENTED_EDGE('',*,*,#494,.F.);
#217=ORIENTED_EDGE('',*,*,#495,.T.);
#218=ORIENTED_EDGE('',*,*,#496,.F.);
#219=ORIENTED_EDGE('',*,*,#497,.F.);
#220=ORIENTED_EDGE('',*,*,#498,.F.);
#221=ORIENTED_EDGE('',*,*,#499,.T.);
#222=ORIENTED_EDGE('',*,*,#500,.F.);
#223=ORIENTED_EDGE('',*,*,#501,.T.);
#224=ORIENTED_EDGE('',*,*,#502,.T.);
#225=ORIENTED_EDGE('',*,*,#503,.F.);
#226=ORIENTED_EDGE('',*,*,#504,.F.);
#227=ORIENTED_EDGE('',*,*,#505,.F.);
#228=ORIENTED_EDGE('',*,*,#506,.F.);
#229=ORIENTED_EDGE('',*,*,#507,.T.);
#230=ORIENTED_EDGE('',*,*,#508,.T.);
#231=ORIENTED_EDGE('',*,*,#509,.F.);
#232=ORIENTED_EDGE('',*,*,#510,.F.);
#233=ORIENTED_EDGE('',*,*,#511,.T.);
#234=ORIENTED_EDGE('',*,*,#512,.T.);
#235=ORIENTED_EDGE('',*,*,#513,.F.);
#236=ORIENTED_EDGE('',*,*,#514,.F.);
#237=ORIENTED_EDGE('',*,*,#515,.T.);
#238=ORIENTED_EDGE('',*,*,#516,.T.);
#239=ORIENTED_EDGE('',*,*,#517,.F.);
#240=ORIENTED_EDGE('',*,*,#518,.T.);
#241=ORIENTED_EDGE('',*,*,#519,.F.);
#242=ORIENTED_EDGE('',*,*,#520,.F.);
#243=ORIENTED_EDGE('',*,*,#521,.F.);
#244=ORIENTED_EDGE('',*,*,#522,.T.);
#245=ORIENTED_EDGE('',*,*,#523,.F.);
#246=ORIENTED_EDGE('',*,*,#524,.F.);
#247=ORIENTED_EDGE('',*,*,#525,.F.);
#248=ORIENTED_EDGE('',*,*,#526,.F.);
#249=ORIENTED_EDGE('',*,*,#505,.T.);
#250=ORIENTED_EDGE('',*,*,#527,.F.);
#251=ORIENTED_EDGE('',*,*,#528,.F.);
#252=ORIENTED_EDGE('',*,*,#529,.F.);
#253=ORIENTED_EDGE('',*,*,#530,.T.);
#254=ORIENTED_EDGE('',*,*,#531,.F.);
#255=ORIENTED_EDGE('',*,*,#513,.T.);
#256=ORIENTED_EDGE('',*,*,#532,.T.);
#257=ORIENTED_EDGE('',*,*,#533,.F.);
#258=ORIENTED_EDGE('',*,*,#534,.F.);
#259=ORIENTED_EDGE('',*,*,#535,.T.);
#260=ORIENTED_EDGE('',*,*,#533,.T.);
#261=ORIENTED_EDGE('',*,*,#536,.F.);
#262=ORIENTED_EDGE('',*,*,#537,.F.);
#263=ORIENTED_EDGE('',*,*,#509,.T.);
#264=ORIENTED_EDGE('',*,*,#538,.T.);
#265=ORIENTED_EDGE('',*,*,#539,.F.);
#266=ORIENTED_EDGE('',*,*,#540,.F.);
#267=ORIENTED_EDGE('',*,*,#541,.T.);
#268=ORIENTED_EDGE('',*,*,#542,.T.);
#269=ORIENTED_EDGE('',*,*,#543,.F.);
#270=ORIENTED_EDGE('',*,*,#541,.F.);
#271=ORIENTED_EDGE('',*,*,#544,.T.);
#272=ORIENTED_EDGE('',*,*,#521,.T.);
#273=ORIENTED_EDGE('',*,*,#545,.F.);
#274=ORIENTED_EDGE('',*,*,#546,.F.);
#275=ORIENTED_EDGE('',*,*,#547,.T.);
#276=ORIENTED_EDGE('',*,*,#539,.T.);
#277=ORIENTED_EDGE('',*,*,#548,.F.);
#278=ORIENTED_EDGE('',*,*,#549,.F.);
#279=ORIENTED_EDGE('',*,*,#550,.F.);
#280=ORIENTED_EDGE('',*,*,#551,.F.);
#281=ORIENTED_EDGE('',*,*,#552,.T.);
#282=ORIENTED_EDGE('',*,*,#553,.F.);
#283=ORIENTED_EDGE('',*,*,#554,.F.);
#284=ORIENTED_EDGE('',*,*,#555,.T.);
#285=ORIENTED_EDGE('',*,*,#556,.T.);
#286=ORIENTED_EDGE('',*,*,#557,.F.);
#287=ORIENTED_EDGE('',*,*,#556,.F.);
#288=ORIENTED_EDGE('',*,*,#558,.T.);
#289=ORIENTED_EDGE('',*,*,#550,.T.);
#290=ORIENTED_EDGE('',*,*,#559,.T.);
#291=ORIENTED_EDGE('',*,*,#560,.T.);
#292=ORIENTED_EDGE('',*,*,#560,.F.);
#293=ORIENTED_EDGE('',*,*,#561,.T.);
#294=ORIENTED_EDGE('',*,*,#562,.T.);
#295=ORIENTED_EDGE('',*,*,#563,.T.);
#296=ORIENTED_EDGE('',*,*,#564,.T.);
#297=ORIENTED_EDGE('',*,*,#562,.F.);
#298=ORIENTED_EDGE('',*,*,#565,.F.);
#299=ORIENTED_EDGE('',*,*,#552,.F.);
#300=ORIENTED_EDGE('',*,*,#566,.F.);
#301=ORIENTED_EDGE('',*,*,#554,.T.);
#302=ORIENTED_EDGE('',*,*,#567,.F.);
#303=ORIENTED_EDGE('',*,*,#568,.T.);
#304=ORIENTED_EDGE('',*,*,#555,.F.);
#305=ORIENTED_EDGE('',*,*,#566,.T.);
#306=ORIENTED_EDGE('',*,*,#551,.T.);
#307=ORIENTED_EDGE('',*,*,#558,.F.);
#308=ORIENTED_EDGE('',*,*,#567,.T.);
#309=ORIENTED_EDGE('',*,*,#553,.T.);
#310=ORIENTED_EDGE('',*,*,#557,.T.);
#311=ORIENTED_EDGE('',*,*,#563,.F.);
#312=ORIENTED_EDGE('',*,*,#564,.F.);
#313=ORIENTED_EDGE('',*,*,#568,.F.);
#314=ORIENTED_EDGE('',*,*,#561,.F.);
#315=ORIENTED_EDGE('',*,*,#569,.F.);
#316=ORIENTED_EDGE('',*,*,#570,.T.);
#317=ORIENTED_EDGE('',*,*,#571,.T.);
#318=ORIENTED_EDGE('',*,*,#559,.F.);
#319=ORIENTED_EDGE('',*,*,#572,.F.);
#320=ORIENTED_EDGE('',*,*,#573,.T.);
#321=ORIENTED_EDGE('',*,*,#569,.T.);
#322=ORIENTED_EDGE('',*,*,#549,.T.);
#323=ORIENTED_EDGE('',*,*,#574,.F.);
#324=ORIENTED_EDGE('',*,*,#575,.F.);
#325=ORIENTED_EDGE('',*,*,#572,.T.);
#326=ORIENTED_EDGE('',*,*,#576,.F.);
#327=ORIENTED_EDGE('',*,*,#498,.T.);
#328=ORIENTED_EDGE('',*,*,#577,.F.);
#329=ORIENTED_EDGE('',*,*,#574,.T.);
#330=ORIENTED_EDGE('',*,*,#565,.T.);
#331=ORIENTED_EDGE('',*,*,#571,.F.);
#332=ORIENTED_EDGE('',*,*,#499,.F.);
#333=ORIENTED_EDGE('',*,*,#576,.T.);
#334=ORIENTED_EDGE('',*,*,#570,.F.);
#335=ORIENTED_EDGE('',*,*,#573,.F.);
#336=ORIENTED_EDGE('',*,*,#575,.T.);
#337=ORIENTED_EDGE('',*,*,#577,.T.);
#338=ORIENTED_EDGE('',*,*,#517,.T.);
#339=ORIENTED_EDGE('',*,*,#578,.T.);
#340=ORIENTED_EDGE('',*,*,#530,.F.);
#341=ORIENTED_EDGE('',*,*,#579,.T.);
#342=ORIENTED_EDGE('',*,*,#525,.T.);
#343=ORIENTED_EDGE('',*,*,#580,.T.);
#344=ORIENTED_EDGE('',*,*,#581,.F.);
#345=ORIENTED_EDGE('',*,*,#582,.T.);
#346=ORIENTED_EDGE('',*,*,#581,.T.);
#347=ORIENTED_EDGE('',*,*,#583,.T.);
#348=ORIENTED_EDGE('',*,*,#584,.T.);
#349=ORIENTED_EDGE('',*,*,#585,.F.);
#350=ORIENTED_EDGE('',*,*,#496,.T.);
#351=ORIENTED_EDGE('',*,*,#586,.T.);
#352=ORIENTED_EDGE('',*,*,#587,.T.);
#353=ORIENTED_EDGE('',*,*,#588,.F.);
#354=ORIENTED_EDGE('',*,*,#543,.T.);
#355=ORIENTED_EDGE('',*,*,#589,.T.);
#356=ORIENTED_EDGE('',*,*,#590,.T.);
#357=ORIENTED_EDGE('',*,*,#591,.F.);
#358=ORIENTED_EDGE('',*,*,#528,.T.);
#359=ORIENTED_EDGE('',*,*,#592,.F.);
#360=ORIENTED_EDGE('',*,*,#593,.T.);
#361=ORIENTED_EDGE('',*,*,#594,.T.);
#362=ORIENTED_EDGE('',*,*,#534,.T.);
#363=ORIENTED_EDGE('',*,*,#595,.F.);
#364=ORIENTED_EDGE('',*,*,#596,.T.);
#365=ORIENTED_EDGE('',*,*,#597,.T.);
#366=ORIENTED_EDGE('',*,*,#546,.T.);
#367=ORIENTED_EDGE('',*,*,#598,.F.);
#368=ORIENTED_EDGE('',*,*,#599,.T.);
#369=ORIENTED_EDGE('',*,*,#600,.T.);
#370=ORIENTED_EDGE('',*,*,#601,.T.);
#371=ORIENTED_EDGE('',*,*,#602,.T.);
#372=ORIENTED_EDGE('',*,*,#598,.T.);
#373=ORIENTED_EDGE('',*,*,#548,.T.);
#374=ORIENTED_EDGE('',*,*,#538,.F.);
#375=ORIENTED_EDGE('',*,*,#508,.F.);
#376=ORIENTED_EDGE('',*,*,#602,.F.);
#377=ORIENTED_EDGE('',*,*,#603,.F.);
#378=ORIENTED_EDGE('',*,*,#604,.T.);
#379=ORIENTED_EDGE('',*,*,#599,.F.);
#380=ORIENTED_EDGE('',*,*,#506,.T.);
#381=ORIENTED_EDGE('',*,*,#526,.T.);
#382=ORIENTED_EDGE('',*,*,#582,.F.);
#383=ORIENTED_EDGE('',*,*,#600,.F.);
#384=ORIENTED_EDGE('',*,*,#604,.F.);
#385=ORIENTED_EDGE('',*,*,#605,.F.);
#386=ORIENTED_EDGE('',*,*,#605,.T.);
#387=ORIENTED_EDGE('',*,*,#603,.T.);
#388=ORIENTED_EDGE('',*,*,#601,.F.);
#389=ORIENTED_EDGE('',*,*,#507,.F.);
#390=ORIENTED_EDGE('',*,*,#520,.T.);
#391=ORIENTED_EDGE('',*,*,#606,.T.);
#392=ORIENTED_EDGE('',*,*,#607,.F.);
#393=ORIENTED_EDGE('',*,*,#589,.F.);
#394=ORIENTED_EDGE('',*,*,#542,.F.);
#395=ORIENTED_EDGE('',*,*,#545,.T.);
#396=ORIENTED_EDGE('',*,*,#607,.T.);
#397=ORIENTED_EDGE('',*,*,#608,.T.);
#398=ORIENTED_EDGE('',*,*,#609,.F.);
#399=ORIENTED_EDGE('',*,*,#590,.F.);
#400=ORIENTED_EDGE('',*,*,#579,.F.);
#401=ORIENTED_EDGE('',*,*,#529,.T.);
#402=ORIENTED_EDGE('',*,*,#591,.T.);
#403=ORIENTED_EDGE('',*,*,#609,.T.);
#404=ORIENTED_EDGE('',*,*,#610,.F.);
#405=ORIENTED_EDGE('',*,*,#518,.F.);
#406=ORIENTED_EDGE('',*,*,#519,.T.);
#407=ORIENTED_EDGE('',*,*,#610,.T.);
#408=ORIENTED_EDGE('',*,*,#608,.F.);
#409=ORIENTED_EDGE('',*,*,#606,.F.);
#410=ORIENTED_EDGE('',*,*,#611,.T.);
#411=ORIENTED_EDGE('',*,*,#612,.T.);
#412=ORIENTED_EDGE('',*,*,#595,.T.);
#413=ORIENTED_EDGE('',*,*,#536,.T.);
#414=ORIENTED_EDGE('',*,*,#532,.F.);
#415=ORIENTED_EDGE('',*,*,#512,.F.);
#416=ORIENTED_EDGE('',*,*,#612,.F.);
#417=ORIENTED_EDGE('',*,*,#613,.F.);
#418=ORIENTED_EDGE('',*,*,#614,.T.);
#419=ORIENTED_EDGE('',*,*,#596,.F.);
#420=ORIENTED_EDGE('',*,*,#510,.T.);
#421=ORIENTED_EDGE('',*,*,#537,.T.);
#422=ORIENTED_EDGE('',*,*,#547,.F.);
#423=ORIENTED_EDGE('',*,*,#597,.F.);
#424=ORIENTED_EDGE('',*,*,#614,.F.);
#425=ORIENTED_EDGE('',*,*,#615,.F.);
#426=ORIENTED_EDGE('',*,*,#615,.T.);
#427=ORIENTED_EDGE('',*,*,#613,.T.);
#428=ORIENTED_EDGE('',*,*,#611,.F.);
#429=ORIENTED_EDGE('',*,*,#511,.F.);
#430=ORIENTED_EDGE('',*,*,#495,.F.);
#431=ORIENTED_EDGE('',*,*,#616,.T.);
#432=ORIENTED_EDGE('',*,*,#500,.T.);
#433=ORIENTED_EDGE('',*,*,#617,.T.);
#434=ORIENTED_EDGE('',*,*,#618,.F.);
#435=ORIENTED_EDGE('',*,*,#586,.F.);
#436=ORIENTED_EDGE('',*,*,#618,.T.);
#437=ORIENTED_EDGE('',*,*,#619,.T.);
#438=ORIENTED_EDGE('',*,*,#620,.F.);
#439=ORIENTED_EDGE('',*,*,#587,.F.);
#440=ORIENTED_EDGE('',*,*,#544,.F.);
#441=ORIENTED_EDGE('',*,*,#540,.T.);
#442=ORIENTED_EDGE('',*,*,#588,.T.);
#443=ORIENTED_EDGE('',*,*,#620,.T.);
#444=ORIENTED_EDGE('',*,*,#621,.F.);
#445=ORIENTED_EDGE('',*,*,#522,.F.);
#446=ORIENTED_EDGE('',*,*,#523,.T.);
#447=ORIENTED_EDGE('',*,*,#621,.T.);
#448=ORIENTED_EDGE('',*,*,#619,.F.);
#449=ORIENTED_EDGE('',*,*,#617,.F.);
#450=ORIENTED_EDGE('',*,*,#622,.T.);
#451=ORIENTED_EDGE('',*,*,#623,.T.);
#452=ORIENTED_EDGE('',*,*,#592,.T.);
#453=ORIENTED_EDGE('',*,*,#527,.T.);
#454=ORIENTED_EDGE('',*,*,#578,.F.);
#455=ORIENTED_EDGE('',*,*,#516,.F.);
#456=ORIENTED_EDGE('',*,*,#623,.F.);
#457=ORIENTED_EDGE('',*,*,#624,.F.);
#458=ORIENTED_EDGE('',*,*,#625,.T.);
#459=ORIENTED_EDGE('',*,*,#593,.F.);
#460=ORIENTED_EDGE('',*,*,#514,.T.);
#461=ORIENTED_EDGE('',*,*,#531,.T.);
#462=ORIENTED_EDGE('',*,*,#535,.F.);
#463=ORIENTED_EDGE('',*,*,#594,.F.);
#464=ORIENTED_EDGE('',*,*,#625,.F.);
#465=ORIENTED_EDGE('',*,*,#626,.F.);
#466=ORIENTED_EDGE('',*,*,#626,.T.);
#467=ORIENTED_EDGE('',*,*,#624,.T.);
#468=ORIENTED_EDGE('',*,*,#622,.F.);
#469=ORIENTED_EDGE('',*,*,#515,.F.);
#470=ORIENTED_EDGE('',*,*,#504,.T.);
#471=ORIENTED_EDGE('',*,*,#627,.T.);
#472=ORIENTED_EDGE('',*,*,#628,.F.);
#473=ORIENTED_EDGE('',*,*,#583,.F.);
#474=ORIENTED_EDGE('',*,*,#580,.F.);
#475=ORIENTED_EDGE('',*,*,#524,.T.);
#476=ORIENTED_EDGE('',*,*,#628,.T.);
#477=ORIENTED_EDGE('',*,*,#629,.T.);
#478=ORIENTED_EDGE('',*,*,#630,.F.);
#479=ORIENTED_EDGE('',*,*,#584,.F.);
#480=ORIENTED_EDGE('',*,*,#631,.F.);
#481=ORIENTED_EDGE('',*,*,#497,.T.);
#482=ORIENTED_EDGE('',*,*,#585,.T.);
#483=ORIENTED_EDGE('',*,*,#630,.T.);
#484=ORIENTED_EDGE('',*,*,#632,.F.);
#485=ORIENTED_EDGE('',*,*,#502,.F.);
#486=ORIENTED_EDGE('',*,*,#503,.T.);
#487=ORIENTED_EDGE('',*,*,#632,.T.);
#488=ORIENTED_EDGE('',*,*,#629,.F.);
#489=ORIENTED_EDGE('',*,*,#627,.F.);
#490=ORIENTED_EDGE('',*,*,#494,.T.);
#491=ORIENTED_EDGE('',*,*,#631,.T.);
#492=ORIENTED_EDGE('',*,*,#501,.F.);
#493=ORIENTED_EDGE('',*,*,#616,.F.);
#494=EDGE_CURVE('',#633,#634,#726,.T.);
#495=EDGE_CURVE('',#633,#635,#192,.T.);
#496=EDGE_CURVE('',#636,#635,#727,.T.);
#497=EDGE_CURVE('',#634,#636,#193,.T.);
#498=EDGE_CURVE('',#637,#638,#728,.T.);
#499=EDGE_CURVE('',#637,#638,#729,.T.);
#500=EDGE_CURVE('',#639,#640,#730,.F.);
#501=EDGE_CURVE('',#639,#641,#731,.T.);
#502=EDGE_CURVE('',#641,#642,#732,.F.);
#503=EDGE_CURVE('',#643,#642,#733,.F.);
#504=EDGE_CURVE('',#644,#643,#734,.F.);
#505=EDGE_CURVE('',#645,#644,#735,.T.);
#506=EDGE_CURVE('',#646,#645,#736,.F.);
#507=EDGE_CURVE('',#646,#647,#737,.F.);
#508=EDGE_CURVE('',#647,#648,#738,.F.);
#509=EDGE_CURVE('',#649,#648,#739,.T.);
#510=EDGE_CURVE('',#650,#649,#740,.F.);
#511=EDGE_CURVE('',#650,#651,#741,.F.);
#512=EDGE_CURVE('',#651,#652,#742,.F.);
#513=EDGE_CURVE('',#653,#652,#743,.T.);
#514=EDGE_CURVE('',#654,#653,#744,.F.);
#515=EDGE_CURVE('',#654,#655,#745,.F.);
#516=EDGE_CURVE('',#655,#656,#746,.F.);
#517=EDGE_CURVE('',#657,#656,#747,.T.);
#518=EDGE_CURVE('',#657,#658,#748,.F.);
#519=EDGE_CURVE('',#659,#658,#749,.F.);
#520=EDGE_CURVE('',#660,#659,#750,.F.);
#521=EDGE_CURVE('',#661,#660,#751,.T.);
#522=EDGE_CURVE('',#661,#662,#752,.F.);
#523=EDGE_CURVE('',#640,#662,#753,.F.);
#524=EDGE_CURVE('',#663,#644,#16,.T.);
#525=EDGE_CURVE('',#664,#663,#754,.T.);
#526=EDGE_CURVE('',#645,#664,#17,.T.);
#527=EDGE_CURVE('',#665,#666,#194,.T.);
#528=EDGE_CURVE('',#667,#665,#755,.T.);
#529=EDGE_CURVE('',#668,#667,#195,.T.);
#530=EDGE_CURVE('',#668,#666,#756,.T.);
#531=EDGE_CURVE('',#653,#669,#18,.T.);
#532=EDGE_CURVE('',#652,#670,#19,.T.);
#533=EDGE_CURVE('',#669,#670,#757,.T.);
#534=EDGE_CURVE('',#671,#672,#758,.T.);
#535=EDGE_CURVE('',#671,#669,#196,.T.);
#536=EDGE_CURVE('',#672,#670,#197,.T.);
#537=EDGE_CURVE('',#649,#673,#20,.T.);
#538=EDGE_CURVE('',#648,#674,#21,.T.);
#539=EDGE_CURVE('',#673,#674,#759,.T.);
#540=EDGE_CURVE('',#675,#676,#198,.T.);
#541=EDGE_CURVE('',#675,#677,#760,.T.);
#542=EDGE_CURVE('',#677,#678,#199,.T.);
#543=EDGE_CURVE('',#676,#678,#761,.T.);
#544=EDGE_CURVE('',#675,#661,#22,.T.);
#545=EDGE_CURVE('',#677,#660,#23,.T.);
#546=EDGE_CURVE('',#679,#680,#762,.T.);
#547=EDGE_CURVE('',#679,#673,#200,.T.);
#548=EDGE_CURVE('',#680,#674,#201,.T.);
#549=EDGE_CURVE('',#681,#682,#24,.T.);
#550=EDGE_CURVE('',#683,#681,#25,.T.);
#551=EDGE_CURVE('',#684,#683,#26,.T.);
#552=EDGE_CURVE('',#684,#682,#27,.T.);
#553=EDGE_CURVE('',#685,#686,#763,.T.);
#554=EDGE_CURVE('',#687,#685,#28,.T.);
#555=EDGE_CURVE('',#687,#688,#764,.T.);
#556=EDGE_CURVE('',#688,#686,#29,.T.);
#557=EDGE_CURVE('',#686,#689,#30,.T.);
#558=EDGE_CURVE('',#688,#683,#31,.T.);
#559=EDGE_CURVE('',#681,#690,#32,.T.);
#560=EDGE_CURVE('',#690,#689,#33,.T.);
#561=EDGE_CURVE('',#690,#691,#34,.T.);
#562=EDGE_CURVE('',#691,#692,#35,.T.);
#563=EDGE_CURVE('',#692,#689,#36,.T.);
#564=EDGE_CURVE('',#685,#692,#37,.T.);
#565=EDGE_CURVE('',#682,#691,#38,.T.);
#566=EDGE_CURVE('',#687,#684,#39,.T.);
#567=EDGE_CURVE('',#693,#693,#765,.T.);
#568=EDGE_CURVE('',#694,#694,#766,.T.);
#569=EDGE_CURVE('',#695,#690,#40,.T.);
#570=EDGE_CURVE('',#695,#696,#41,.T.);
#571=EDGE_CURVE('',#696,#691,#42,.T.);
#572=EDGE_CURVE('',#697,#681,#43,.T.);
#573=EDGE_CURVE('',#697,#695,#44,.T.);
#574=EDGE_CURVE('',#698,#682,#45,.T.);
#575=EDGE_CURVE('',#697,#698,#46,.T.);
#576=EDGE_CURVE('',#637,#696,#47,.T.);
#577=EDGE_CURVE('',#698,#638,#48,.T.);
#578=EDGE_CURVE('',#656,#666,#49,.T.);
#579=EDGE_CURVE('',#668,#657,#50,.T.);
#580=EDGE_CURVE('',#663,#699,#202,.T.);
#581=EDGE_CURVE('',#700,#699,#767,.T.);
#582=EDGE_CURVE('',#700,#664,#203,.T.);
#583=EDGE_CURVE('',#699,#702,#204,.T.);
#584=EDGE_CURVE('',#702,#703,#768,.T.);
#585=EDGE_CURVE('',#636,#703,#205,.T.);
#586=EDGE_CURVE('',#635,#704,#206,.T.);
#587=EDGE_CURVE('',#704,#705,#769,.T.);
#588=EDGE_CURVE('',#676,#705,#207,.T.);
#589=EDGE_CURVE('',#678,#706,#208,.T.);
#590=EDGE_CURVE('',#706,#707,#770,.T.);
#591=EDGE_CURVE('',#667,#707,#209,.T.);
#592=EDGE_CURVE('',#708,#665,#210,.T.);
#593=EDGE_CURVE('',#708,#709,#771,.T.);
#594=EDGE_CURVE('',#709,#671,#211,.T.);
#595=EDGE_CURVE('',#710,#672,#212,.T.);
#596=EDGE_CURVE('',#710,#711,#772,.T.);
#597=EDGE_CURVE('',#711,#679,#213,.T.);
#598=EDGE_CURVE('',#712,#680,#214,.T.);
#599=EDGE_CURVE('',#712,#713,#773,.T.);
#600=EDGE_CURVE('',#713,#700,#215,.T.);
#601=EDGE_CURVE('',#647,#714,#51,.T.);
#602=EDGE_CURVE('',#714,#712,#52,.T.);
#603=EDGE_CURVE('',#715,#714,#53,.T.);
#604=EDGE_CURVE('',#715,#713,#54,.T.);
#605=EDGE_CURVE('',#646,#715,#55,.T.);
#606=EDGE_CURVE('',#659,#716,#56,.T.);
#607=EDGE_CURVE('',#706,#716,#57,.T.);
#608=EDGE_CURVE('',#716,#717,#58,.T.);
#609=EDGE_CURVE('',#707,#717,#59,.T.);
#610=EDGE_CURVE('',#658,#717,#60,.T.);
#611=EDGE_CURVE('',#651,#718,#61,.T.);
#612=EDGE_CURVE('',#718,#710,#62,.T.);
#613=EDGE_CURVE('',#719,#718,#63,.T.);
#614=EDGE_CURVE('',#719,#711,#64,.T.);
#615=EDGE_CURVE('',#650,#719,#65,.T.);
#616=EDGE_CURVE('',#633,#639,#66,.T.);
#617=EDGE_CURVE('',#640,#720,#67,.T.);
#618=EDGE_CURVE('',#704,#720,#68,.T.);
#619=EDGE_CURVE('',#720,#721,#69,.T.);
#620=EDGE_CURVE('',#705,#721,#70,.T.);
#621=EDGE_CURVE('',#662,#721,#71,.T.);
#622=EDGE_CURVE('',#655,#722,#72,.T.);
#623=EDGE_CURVE('',#722,#708,#73,.T.);
#624=EDGE_CURVE('',#723,#722,#74,.T.);
#625=EDGE_CURVE('',#723,#709,#75,.T.);
#626=EDGE_CURVE('',#654,#723,#76,.T.);
#627=EDGE_CURVE('',#643,#724,#77,.T.);
#628=EDGE_CURVE('',#702,#724,#78,.T.);
#629=EDGE_CURVE('',#724,#725,#79,.T.);
#630=EDGE_CURVE('',#703,#725,#80,.T.);
#631=EDGE_CURVE('',#634,#641,#81,.T.);
#632=EDGE_CURVE('',#642,#725,#82,.T.);
#633=VERTEX_POINT('',#1318);
#634=VERTEX_POINT('',#1319);
#635=VERTEX_POINT('',#1324);
#636=VERTEX_POINT('',#1326);
#637=VERTEX_POINT('',#1333);
#638=VERTEX_POINT('',#1334);
#639=VERTEX_POINT('',#1337);
#640=VERTEX_POINT('',#1338);
#641=VERTEX_POINT('',#1340);
#642=VERTEX_POINT('',#1342);
#643=VERTEX_POINT('',#1344);
#644=VERTEX_POINT('',#1346);
#645=VERTEX_POINT('',#1348);
#646=VERTEX_POINT('',#1350);
#647=VERTEX_POINT('',#1352);
#648=VERTEX_POINT('',#1354);
#649=VERTEX_POINT('',#1356);
#650=VERTEX_POINT('',#1358);
#651=VERTEX_POINT('',#1360);
#652=VERTEX_POINT('',#1362);
#653=VERTEX_POINT('',#1364);
#654=VERTEX_POINT('',#1366);
#655=VERTEX_POINT('',#1368);
#656=VERTEX_POINT('',#1370);
#657=VERTEX_POINT('',#1372);
#658=VERTEX_POINT('',#1374);
#659=VERTEX_POINT('',#1376);
#660=VERTEX_POINT('',#1378);
#661=VERTEX_POINT('',#1380);
#662=VERTEX_POINT('',#1382);
#663=VERTEX_POINT('',#1386);
#664=VERTEX_POINT('',#1388);
#665=VERTEX_POINT('',#1410);
#666=VERTEX_POINT('',#1411);
#667=VERTEX_POINT('',#1413);
#668=VERTEX_POINT('',#1418);
#669=VERTEX_POINT('',#1422);
#670=VERTEX_POINT('',#1424);
#671=VERTEX_POINT('',#1443);
#672=VERTEX_POINT('',#1444);
#673=VERTEX_POINT('',#1455);
#674=VERTEX_POINT('',#1457);
#675=VERTEX_POINT('',#1479);
#676=VERTEX_POINT('',#1480);
#677=VERTEX_POINT('',#1482);
#678=VERTEX_POINT('',#1487);
#679=VERTEX_POINT('',#1509);
#680=VERTEX_POINT('',#1510);
#681=VERTEX_POINT('',#1521);
#682=VERTEX_POINT('',#1522);
#683=VERTEX_POINT('',#1524);
#684=VERTEX_POINT('',#1526);
#685=VERTEX_POINT('',#1530);
#686=VERTEX_POINT('',#1531);
#687=VERTEX_POINT('',#1533);
#688=VERTEX_POINT('',#1535);
#689=VERTEX_POINT('',#1539);
#690=VERTEX_POINT('',#1542);
#691=VERTEX_POINT('',#1546);
#692=VERTEX_POINT('',#1548);
#693=VERTEX_POINT('',#1556);
#694=VERTEX_POINT('',#1558);
#695=VERTEX_POINT('',#1563);
#696=VERTEX_POINT('',#1565);
#697=VERTEX_POINT('',#1569);
#698=VERTEX_POINT('',#1573);
#699=VERTEX_POINT('',#1602);
#700=VERTEX_POINT('',#1604);
#701=VERTEX_POINT('',#1653);
#702=VERTEX_POINT('',#1659);
#703=VERTEX_POINT('',#1661);
#704=VERTEX_POINT('',#1672);
#705=VERTEX_POINT('',#1674);
#706=VERTEX_POINT('',#1685);
#707=VERTEX_POINT('',#1687);
#708=VERTEX_POINT('',#1698);
#709=VERTEX_POINT('',#1700);
#710=VERTEX_POINT('',#1711);
#711=VERTEX_POINT('',#1713);
#712=VERTEX_POINT('',#1724);
#713=VERTEX_POINT('',#1726);
#714=VERTEX_POINT('',#1734);
#715=VERTEX_POINT('',#1738);
#716=VERTEX_POINT('',#1745);
#717=VERTEX_POINT('',#1749);
#718=VERTEX_POINT('',#1756);
#719=VERTEX_POINT('',#1760);
#720=VERTEX_POINT('',#1768);
#721=VERTEX_POINT('',#1772);
#722=VERTEX_POINT('',#1779);
#723=VERTEX_POINT('',#1783);
#724=VERTEX_POINT('',#1790);
#725=VERTEX_POINT('',#1794);
#726=CIRCLE('',#955,0.0038238202359815);
#727=CIRCLE('',#956,0.00400821712823709);
#728=CIRCLE('',#958,0.0050590238191181);
#729=CIRCLE('',#959,0.00311298218744988);
#730=CIRCLE('',#960,0.00540832691319598);
#731=CIRCLE('',#961,0.00492988999647647);
#732=CIRCLE('',#962,0.00540832691319597);
#733=CIRCLE('',#963,0.00229128784747789);
#734=CIRCLE('',#964,0.00540832691319598);
#735=CIRCLE('',#965,0.00407984257323072);
#736=CIRCLE('',#966,0.00540832691319598);
#737=CIRCLE('',#967,0.00229128784747791);
#738=CIRCLE('',#968,0.00540832691319598);
#739=CIRCLE('',#969,0.00407984257323072);
#740=CIRCLE('',#970,0.00540832691319598);
#741=CIRCLE('',#971,0.00229128784747794);
#742=CIRCLE('',#972,0.00540832691319598);
#743=CIRCLE('',#973,0.00407984257323072);
#744=CIRCLE('',#974,0.00540832691319598);
#745=CIRCLE('',#975,0.00229128784747793);
#746=CIRCLE('',#976,0.00540832691319597);
#747=CIRCLE('',#977,0.00407984257323072);
#748=CIRCLE('',#978,0.00540832691319598);
#749=CIRCLE('',#979,0.00229128784747791);
#750=CIRCLE('',#980,0.00540832691319598);
#751=CIRCLE('',#981,0.00407984257323072);
#752=CIRCLE('',#982,0.00540832691319598);
#753=CIRCLE('',#983,0.00229128784747786);
#754=CIRCLE('',#985,0.00322984257323069);
#755=CIRCLE('',#986,0.00400821712823709);
#756=CIRCLE('',#987,0.00322984257323069);
#757=CIRCLE('',#989,0.00322984257323069);
#758=CIRCLE('',#990,0.00400821712823709);
#759=CIRCLE('',#992,0.00322984257323069);
#760=CIRCLE('',#993,0.00322984257323069);
#761=CIRCLE('',#994,0.00400821712823709);
#762=CIRCLE('',#996,0.00400821712823709);
#763=CIRCLE('',#999,0.00508);
#764=CIRCLE('',#1000,0.00508);
#765=CIRCLE('',#1005,0.0015875);
#766=CIRCLE('',#1006,0.0015875);
#767=CIRCLE('',#1015,0.00400821712823709);
#768=CIRCLE('',#1016,0.00338697670612536);
#769=CIRCLE('',#1017,0.00338697670612535);
#770=CIRCLE('',#1018,0.00338697670612536);
#771=CIRCLE('',#1019,0.00338697670612536);
#772=CIRCLE('',#1020,0.00338697670612535);
#773=CIRCLE('',#1021,0.00338697670612536);
#774=EDGE_LOOP('',(#216,#217,#218,#219));
#775=EDGE_LOOP('',(#220,#221));
#776=EDGE_LOOP('',(#222,#223,#224,#225,#226,#227,#228,#229,#230,#231,#232,
#233,#234,#235,#236,#237,#238,#239,#240,#241,#242,#243,#244,#245));
#777=EDGE_LOOP('',(#246,#247,#248,#249));
#778=EDGE_LOOP('',(#250,#251,#252,#253));
#779=EDGE_LOOP('',(#254,#255,#256,#257));
#780=EDGE_LOOP('',(#258,#259,#260,#261));
#781=EDGE_LOOP('',(#262,#263,#264,#265));
#782=EDGE_LOOP('',(#266,#267,#268,#269));
#783=EDGE_LOOP('',(#270,#271,#272,#273));
#784=EDGE_LOOP('',(#274,#275,#276,#277));
#785=EDGE_LOOP('',(#278,#279,#280,#281));
#786=EDGE_LOOP('',(#282,#283,#284,#285));
#787=EDGE_LOOP('',(#286,#287,#288,#289,#290,#291));
#788=EDGE_LOOP('',(#292,#293,#294,#295));
#789=EDGE_LOOP('',(#296,#297,#298,#299,#300,#301));
#790=EDGE_LOOP('',(#302));
#791=EDGE_LOOP('',(#303));
#792=EDGE_LOOP('',(#304,#305,#306,#307));
#793=EDGE_LOOP('',(#308));
#794=EDGE_LOOP('',(#309,#310,#311,#312));
#795=EDGE_LOOP('',(#313));
#796=EDGE_LOOP('',(#314,#315,#316,#317));
#797=EDGE_LOOP('',(#318,#319,#320,#321));
#798=EDGE_LOOP('',(#322,#323,#324,#325));
#799=EDGE_LOOP('',(#326,#327,#328,#329,#330,#331));
#800=EDGE_LOOP('',(#332,#333,#334,#335,#336,#337));
#801=EDGE_LOOP('',(#338,#339,#340,#341));
#802=EDGE_LOOP('',(#342,#343,#344,#345));
#803=EDGE_LOOP('',(#346,#347,#348,#349,#350,#351,#352,#353,#354,#355,#356,
#357,#358,#359,#360,#361,#362,#363,#364,#365,#366,#367,#368,#369));
#804=EDGE_LOOP('',(#370,#371,#372,#373,#374,#375));
#805=EDGE_LOOP('',(#376,#377,#378,#379));
#806=EDGE_LOOP('',(#380,#381,#382,#383,#384,#385));
#807=EDGE_LOOP('',(#386,#387,#388,#389));
#808=EDGE_LOOP('',(#390,#391,#392,#393,#394,#395));
#809=EDGE_LOOP('',(#396,#397,#398,#399));
#810=EDGE_LOOP('',(#400,#401,#402,#403,#404,#405));
#811=EDGE_LOOP('',(#406,#407,#408,#409));
#812=EDGE_LOOP('',(#410,#411,#412,#413,#414,#415));
#813=EDGE_LOOP('',(#416,#417,#418,#419));
#814=EDGE_LOOP('',(#420,#421,#422,#423,#424,#425));
#815=EDGE_LOOP('',(#426,#427,#428,#429));
#816=EDGE_LOOP('',(#430,#431,#432,#433,#434,#435));
#817=EDGE_LOOP('',(#436,#437,#438,#439));
#818=EDGE_LOOP('',(#440,#441,#442,#443,#444,#445));
#819=EDGE_LOOP('',(#446,#447,#448,#449));
#820=EDGE_LOOP('',(#450,#451,#452,#453,#454,#455));
#821=EDGE_LOOP('',(#456,#457,#458,#459));
#822=EDGE_LOOP('',(#460,#461,#462,#463,#464,#465));
#823=EDGE_LOOP('',(#466,#467,#468,#469));
#824=EDGE_LOOP('',(#470,#471,#472,#473,#474,#475));
#825=EDGE_LOOP('',(#476,#477,#478,#479));
#826=EDGE_LOOP('',(#480,#481,#482,#483,#484,#485));
#827=EDGE_LOOP('',(#486,#487,#488,#489));
#828=EDGE_LOOP('',(#490,#491,#492,#493));
#829=FACE_BOUND('',#774,.T.);
#830=FACE_BOUND('',#775,.T.);
#831=FACE_BOUND('',#776,.T.);
#832=FACE_BOUND('',#777,.T.);
#833=FACE_BOUND('',#778,.T.);
#834=FACE_BOUND('',#779,.T.);
#835=FACE_BOUND('',#780,.T.);
#836=FACE_BOUND('',#781,.T.);
#837=FACE_BOUND('',#782,.T.);
#838=FACE_BOUND('',#783,.T.);
#839=FACE_BOUND('',#784,.T.);
#840=FACE_BOUND('',#785,.T.);
#841=FACE_BOUND('',#786,.T.);
#842=FACE_BOUND('',#787,.T.);
#843=FACE_BOUND('',#788,.T.);
#844=FACE_BOUND('',#789,.T.);
#845=FACE_BOUND('',#790,.T.);
#846=FACE_BOUND('',#791,.T.);
#847=FACE_BOUND('',#792,.T.);
#848=FACE_BOUND('',#793,.T.);
#849=FACE_BOUND('',#794,.T.);
#850=FACE_BOUND('',#795,.T.);
#851=FACE_BOUND('',#796,.T.);
#852=FACE_BOUND('',#797,.T.);
#853=FACE_BOUND('',#798,.T.);
#854=FACE_BOUND('',#799,.T.);
#855=FACE_BOUND('',#800,.T.);
#856=FACE_BOUND('',#801,.T.);
#857=FACE_BOUND('',#802,.T.);
#858=FACE_BOUND('',#12,.T.);
#859=FACE_BOUND('',#803,.T.);
#860=FACE_BOUND('',#804,.T.);
#861=FACE_BOUND('',#805,.T.);
#862=FACE_BOUND('',#806,.T.);
#863=FACE_BOUND('',#807,.T.);
#864=FACE_BOUND('',#808,.T.);
#865=FACE_BOUND('',#809,.T.);
#866=FACE_BOUND('',#810,.T.);
#867=FACE_BOUND('',#811,.T.);
#868=FACE_BOUND('',#812,.T.);
#869=FACE_BOUND('',#813,.T.);
#870=FACE_BOUND('',#814,.T.);
#871=FACE_BOUND('',#815,.T.);
#872=FACE_BOUND('',#816,.T.);
#873=FACE_BOUND('',#817,.T.);
#874=FACE_BOUND('',#818,.T.);
#875=FACE_BOUND('',#819,.T.);
#876=FACE_BOUND('',#820,.T.);
#877=FACE_BOUND('',#821,.T.);
#878=FACE_BOUND('',#822,.T.);
#879=FACE_BOUND('',#823,.T.);
#880=FACE_BOUND('',#824,.T.);
#881=FACE_BOUND('',#825,.T.);
#882=FACE_BOUND('',#826,.T.);
#883=FACE_BOUND('',#827,.T.);
#884=FACE_BOUND('',#828,.T.);
#885=(
BOUNDED_SURFACE()
B_SPLINE_SURFACE(3,3,((#1301,#1302,#1303,#1304),(#1305,#1306,#1307,#1308),
(#1309,#1310,#1311,#1312),(#1313,#1314,#1315,#1316)),
 .SURF_OF_REVOLUTION.,.F.,.F.,.F.)
B_SPLINE_SURFACE_WITH_KNOTS((4,4),(4,4),(0.0578410790167289,0.0931439353934962),
(0.,1.),.PIECEWISE_BEZIER_KNOTS.)
GEOMETRIC_REPRESENTATION_ITEM()
RATIONAL_B_SPLINE_SURFACE(((1.,0.97500347478913,0.97500347478913,1.),(1.,
0.97500347478913,0.97500347478913,1.),(1.,0.97500347478913,0.97500347478913,
1.),(1.,0.97500347478913,0.97500347478913,1.)))
REPRESENTATION_ITEM('')
SURFACE()
);
#886=(
BOUNDED_SURFACE()
B_SPLINE_SURFACE(3,3,((#1390,#1391,#1392,#1393),(#1394,#1395,#1396,#1397),
(#1398,#1399,#1400,#1401),(#1402,#1403,#1404,#1405)),
 .SURF_OF_REVOLUTION.,.F.,.F.,.F.)
B_SPLINE_SURFACE_WITH_KNOTS((4,4),(4,4),(-2.25439701963733E-12,0.0931439353934965),
(0.,1.),.PIECEWISE_BEZIER_KNOTS.)
GEOMETRIC_REPRESENTATION_ITEM()
RATIONAL_B_SPLINE_SURFACE(((1.,0.975003474789131,0.975003474789131,1.),
(1.,0.975003474789131,0.975003474789131,1.),(1.,0.975003474789131,0.975003474789131,
1.),(1.,0.975003474789131,0.975003474789131,1.)))
REPRESENTATION_ITEM('')
SURFACE()
);
#887=(
BOUNDED_SURFACE()
B_SPLINE_SURFACE(3,3,((#1426,#1427,#1428,#1429),(#1430,#1431,#1432,#1433),
(#1434,#1435,#1436,#1437),(#1438,#1439,#1440,#1441)),
 .SURF_OF_REVOLUTION.,.F.,.F.,.F.)
B_SPLINE_SURFACE_WITH_KNOTS((4,4),(4,4),(-2.25482595794455E-12,0.0931439353934962),
(0.,1.),.PIECEWISE_BEZIER_KNOTS.)
GEOMETRIC_REPRESENTATION_ITEM()
RATIONAL_B_SPLINE_SURFACE(((1.,0.97500347478913,0.97500347478913,1.),(1.,
0.97500347478913,0.97500347478913,1.),(1.,0.97500347478913,0.97500347478913,
1.),(1.,0.97500347478913,0.97500347478913,1.)))
REPRESENTATION_ITEM('')
SURFACE()
);
#888=(
BOUNDED_SURFACE()
B_SPLINE_SURFACE(3,3,((#1459,#1460,#1461,#1462),(#1463,#1464,#1465,#1466),
(#1467,#1468,#1469,#1470),(#1471,#1472,#1473,#1474)),
 .SURF_OF_REVOLUTION.,.F.,.F.,.F.)
B_SPLINE_SURFACE_WITH_KNOTS((4,4),(4,4),(-3.21091402465853E-16,0.0931439353934962),
(0.,1.),.PIECEWISE_BEZIER_KNOTS.)
GEOMETRIC_REPRESENTATION_ITEM()
RATIONAL_B_SPLINE_SURFACE(((1.,0.97500347478913,0.97500347478913,1.),(1.,
0.97500347478913,0.97500347478913,1.),(1.,0.97500347478913,0.97500347478913,
1.),(1.,0.97500347478913,0.97500347478913,1.)))
REPRESENTATION_ITEM('')
SURFACE()
);
#889=(
BOUNDED_SURFACE()
B_SPLINE_SURFACE(3,3,((#1492,#1493,#1494,#1495),(#1496,#1497,#1498,#1499),
(#1500,#1501,#1502,#1503),(#1504,#1505,#1506,#1507)),
 .SURF_OF_REVOLUTION.,.F.,.F.,.F.)
B_SPLINE_SURFACE_WITH_KNOTS((4,4),(4,4),(-2.2550635095639E-12,0.0931439353934965),
(0.,1.),.PIECEWISE_BEZIER_KNOTS.)
GEOMETRIC_REPRESENTATION_ITEM()
RATIONAL_B_SPLINE_SURFACE(((1.,0.97500347478913,0.97500347478913,1.),(1.,
0.97500347478913,0.97500347478913,1.),(1.,0.97500347478913,0.97500347478913,
1.),(1.,0.97500347478913,0.97500347478913,1.)))
REPRESENTATION_ITEM('')
SURFACE()
);
#890=(
BOUNDED_SURFACE()
B_SPLINE_SURFACE(3,3,((#1582,#1583,#1584,#1585),(#1586,#1587,#1588,#1589),
(#1590,#1591,#1592,#1593),(#1594,#1595,#1596,#1597)),
 .SURF_OF_REVOLUTION.,.F.,.F.,.F.)
B_SPLINE_SURFACE_WITH_KNOTS((4,4),(4,4),(-2.25431805525795E-12,0.0931439353934965),
(0.,1.),.PIECEWISE_BEZIER_KNOTS.)
GEOMETRIC_REPRESENTATION_ITEM()
RATIONAL_B_SPLINE_SURFACE(((1.,0.975003474789129,0.975003474789129,1.),
(1.,0.975003474789129,0.975003474789129,1.),(1.,0.975003474789129,0.975003474789129,
1.),(1.,0.975003474789129,0.975003474789129,1.)))
REPRESENTATION_ITEM('')
SURFACE()
);
#891=ADVANCED_FACE('',(#829),#885,.F.);
#892=ADVANCED_FACE('',(#830,#831),#191,.T.);
#893=ADVANCED_FACE('',(#832),#150,.F.);
#894=ADVANCED_FACE('',(#833),#886,.F.);
#895=ADVANCED_FACE('',(#834),#151,.F.);
#896=ADVANCED_FACE('',(#835),#887,.F.);
#897=ADVANCED_FACE('',(#836),#152,.F.);
#898=ADVANCED_FACE('',(#837),#888,.F.);
#899=ADVANCED_FACE('',(#838),#153,.F.);
#900=ADVANCED_FACE('',(#839),#889,.F.);
#901=ADVANCED_FACE('',(#840),#154,.F.);
#902=ADVANCED_FACE('',(#841),#14,.T.);
#903=ADVANCED_FACE('',(#842),#155,.T.);
#904=ADVANCED_FACE('',(#843),#156,.F.);
#905=ADVANCED_FACE('',(#844),#157,.F.);
#906=ADVANCED_FACE('',(#845,#846),#15,.F.);
#907=ADVANCED_FACE('',(#847,#848),#158,.F.);
#908=ADVANCED_FACE('',(#849,#850),#159,.T.);
#909=ADVANCED_FACE('',(#851),#160,.T.);
#910=ADVANCED_FACE('',(#852),#161,.T.);
#911=ADVANCED_FACE('',(#853),#162,.F.);
#912=ADVANCED_FACE('',(#854),#163,.F.);
#913=ADVANCED_FACE('',(#855),#164,.T.);
#914=ADVANCED_FACE('',(#856),#165,.F.);
#915=ADVANCED_FACE('',(#857),#890,.F.);
#916=ADVANCED_FACE('',(#858,#859),#13,.F.);
#917=ADVANCED_FACE('',(#860),#166,.T.);
#918=ADVANCED_FACE('',(#861),#167,.F.);
#919=ADVANCED_FACE('',(#862),#168,.F.);
#920=ADVANCED_FACE('',(#863),#169,.T.);
#921=ADVANCED_FACE('',(#864),#170,.F.);
#922=ADVANCED_FACE('',(#865),#171,.F.);
#923=ADVANCED_FACE('',(#866),#172,.T.);
#924=ADVANCED_FACE('',(#867),#173,.F.);
#925=ADVANCED_FACE('',(#868),#174,.T.);
#926=ADVANCED_FACE('',(#869),#175,.F.);
#927=ADVANCED_FACE('',(#870),#176,.F.);
#928=ADVANCED_FACE('',(#871),#177,.T.);
#929=ADVANCED_FACE('',(#872),#178,.F.);
#930=ADVANCED_FACE('',(#873),#179,.F.);
#931=ADVANCED_FACE('',(#874),#180,.T.);
#932=ADVANCED_FACE('',(#875),#181,.F.);
#933=ADVANCED_FACE('',(#876),#182,.T.);
#934=ADVANCED_FACE('',(#877),#183,.F.);
#935=ADVANCED_FACE('',(#878),#184,.F.);
#936=ADVANCED_FACE('',(#879),#185,.T.);
#937=ADVANCED_FACE('',(#880),#186,.F.);
#938=ADVANCED_FACE('',(#881),#187,.F.);
#939=ADVANCED_FACE('',(#882),#188,.T.);
#940=ADVANCED_FACE('',(#883),#189,.F.);
#941=ADVANCED_FACE('',(#884),#190,.F.);
#942=CLOSED_SHELL('',(#891,#892,#893,#894,#895,#896,#897,#898,#899,#900,
#901,#902,#903,#904,#905,#906,#907,#908,#909,#910,#911,#912,#913,#914,#915,
#916,#917,#918,#919,#920,#921,#922,#923,#924,#925,#926,#927,#928,#929,#930,
#931,#932,#933,#934,#935,#936,#937,#938,#939,#940,#941));
#943=STYLED_ITEM('',(#944),#951);
#944=PRESENTATION_STYLE_ASSIGNMENT((#945));
#945=SURFACE_STYLE_USAGE(.BOTH.,#946);
#946=SURFACE_SIDE_STYLE('',(#947));
#947=SURFACE_STYLE_FILL_AREA(#948);
#948=FILL_AREA_STYLE('',(#949));
#949=FILL_AREA_STYLE_COLOUR('',#950);
#950=COLOUR_RGB('',0.647058823529412,0.647058823529412,0.647058823529412);
#951=MANIFOLD_SOLID_BREP('Part 5',#942);
#952=SHAPE_DEFINITION_REPRESENTATION(#1807,#953);
#953=SHAPE_REPRESENTATION('Part 5',(#954),#1802);
#954=AXIS2_PLACEMENT_3D('',#1300,#1047,#1048);
#955=AXIS2_PLACEMENT_3D('',#1317,#1049,#1050);
#956=AXIS2_PLACEMENT_3D('',#1325,#1051,#1052);
#957=AXIS2_PLACEMENT_3D('',#1331,#1053,#1054);
#958=AXIS2_PLACEMENT_3D('',#1332,#1055,#1056);
#959=AXIS2_PLACEMENT_3D('',#1335,#1057,#1058);
#960=AXIS2_PLACEMENT_3D('',#1336,#1059,#1060);
#961=AXIS2_PLACEMENT_3D('',#1339,#1061,#1062);
#962=AXIS2_PLACEMENT_3D('',#1341,#1063,#1064);
#963=AXIS2_PLACEMENT_3D('',#1343,#1065,#1066);
#964=AXIS2_PLACEMENT_3D('',#1345,#1067,#1068);
#965=AXIS2_PLACEMENT_3D('',#1347,#1069,#1070);
#966=AXIS2_PLACEMENT_3D('',#1349,#1071,#1072);
#967=AXIS2_PLACEMENT_3D('',#1351,#1073,#1074);
#968=AXIS2_PLACEMENT_3D('',#1353,#1075,#1076);
#969=AXIS2_PLACEMENT_3D('',#1355,#1077,#1078);
#970=AXIS2_PLACEMENT_3D('',#1357,#1079,#1080);
#971=AXIS2_PLACEMENT_3D('',#1359,#1081,#1082);
#972=AXIS2_PLACEMENT_3D('',#1361,#1083,#1084);
#973=AXIS2_PLACEMENT_3D('',#1363,#1085,#1086);
#974=AXIS2_PLACEMENT_3D('',#1365,#1087,#1088);
#975=AXIS2_PLACEMENT_3D('',#1367,#1089,#1090);
#976=AXIS2_PLACEMENT_3D('',#1369,#1091,#1092);
#977=AXIS2_PLACEMENT_3D('',#1371,#1093,#1094);
#978=AXIS2_PLACEMENT_3D('',#1373,#1095,#1096);
#979=AXIS2_PLACEMENT_3D('',#1375,#1097,#1098);
#980=AXIS2_PLACEMENT_3D('',#1377,#1099,#1100);
#981=AXIS2_PLACEMENT_3D('',#1379,#1101,#1102);
#982=AXIS2_PLACEMENT_3D('',#1381,#1103,#1104);
#983=AXIS2_PLACEMENT_3D('',#1383,#1105,#1106);
#984=AXIS2_PLACEMENT_3D('',#1384,#1107,#1108);
#985=AXIS2_PLACEMENT_3D('',#1387,#1110,#1111);
#986=AXIS2_PLACEMENT_3D('',#1412,#1113,#1114);
#987=AXIS2_PLACEMENT_3D('',#1419,#1115,#1116);
#988=AXIS2_PLACEMENT_3D('',#1420,#1117,#1118);
#989=AXIS2_PLACEMENT_3D('',#1425,#1121,#1122);
#990=AXIS2_PLACEMENT_3D('',#1442,#1123,#1124);
#991=AXIS2_PLACEMENT_3D('',#1453,#1125,#1126);
#992=AXIS2_PLACEMENT_3D('',#1458,#1129,#1130);
#993=AXIS2_PLACEMENT_3D('',#1481,#1131,#1132);
#994=AXIS2_PLACEMENT_3D('',#1488,#1133,#1134);
#995=AXIS2_PLACEMENT_3D('',#1489,#1135,#1136);
#996=AXIS2_PLACEMENT_3D('',#1508,#1139,#1140);
#997=AXIS2_PLACEMENT_3D('',#1519,#1141,#1142);
#998=AXIS2_PLACEMENT_3D('',#1528,#1147,#1148);
#999=AXIS2_PLACEMENT_3D('',#1529,#1149,#1150);
#1000=AXIS2_PLACEMENT_3D('',#1534,#1152,#1153);
#1001=AXIS2_PLACEMENT_3D('',#1537,#1155,#1156);
#1002=AXIS2_PLACEMENT_3D('',#1544,#1161,#1162);
#1003=AXIS2_PLACEMENT_3D('',#1550,#1166,#1167);
#1004=AXIS2_PLACEMENT_3D('',#1554,#1171,#1172);
#1005=AXIS2_PLACEMENT_3D('',#1555,#1173,#1174);
#1006=AXIS2_PLACEMENT_3D('',#1557,#1175,#1176);
#1007=AXIS2_PLACEMENT_3D('',#1559,#1177,#1178);
#1008=AXIS2_PLACEMENT_3D('',#1560,#1179,#1180);
#1009=AXIS2_PLACEMENT_3D('',#1561,#1181,#1182);
#1010=AXIS2_PLACEMENT_3D('',#1567,#1186,#1187);
#1011=AXIS2_PLACEMENT_3D('',#1571,#1190,#1191);
#1012=AXIS2_PLACEMENT_3D('',#1575,#1194,#1195);
#1013=AXIS2_PLACEMENT_3D('',#1578,#1198,#1199);
#1014=AXIS2_PLACEMENT_3D('',#1579,#1200,#1201);
#1015=AXIS2_PLACEMENT_3D('',#1603,#1204,#1205);
#1016=AXIS2_PLACEMENT_3D('',#1660,#1206,#1207);
#1017=AXIS2_PLACEMENT_3D('',#1673,#1208,#1209);
#1018=AXIS2_PLACEMENT_3D('',#1686,#1210,#1211);
#1019=AXIS2_PLACEMENT_3D('',#1699,#1212,#1213);
#1020=AXIS2_PLACEMENT_3D('',#1712,#1214,#1215);
#1021=AXIS2_PLACEMENT_3D('',#1725,#1216,#1217);
#1022=AXIS2_PLACEMENT_3D('',#1732,#1218,#1219);
#1023=AXIS2_PLACEMENT_3D('',#1736,#1222,#1223);
#1024=AXIS2_PLACEMENT_3D('',#1740,#1226,#1227);
#1025=AXIS2_PLACEMENT_3D('',#1742,#1229,#1230);
#1026=AXIS2_PLACEMENT_3D('',#1743,#1231,#1232);
#1027=AXIS2_PLACEMENT_3D('',#1747,#1235,#1236);
#1028=AXIS2_PLACEMENT_3D('',#1751,#1239,#1240);
#1029=AXIS2_PLACEMENT_3D('',#1753,#1242,#1243);
#1030=AXIS2_PLACEMENT_3D('',#1754,#1244,#1245);
#1031=AXIS2_PLACEMENT_3D('',#1758,#1248,#1249);
#1032=AXIS2_PLACEMENT_3D('',#1762,#1252,#1253);
#1033=AXIS2_PLACEMENT_3D('',#1764,#1255,#1256);
#1034=AXIS2_PLACEMENT_3D('',#1765,#1257,#1258);
#1035=AXIS2_PLACEMENT_3D('',#1770,#1262,#1263);
#1036=AXIS2_PLACEMENT_3D('',#1774,#1266,#1267);
#1037=AXIS2_PLACEMENT_3D('',#1776,#1269,#1270);
#1038=AXIS2_PLACEMENT_3D('',#1777,#1271,#1272);
#1039=AXIS2_PLACEMENT_3D('',#1781,#1275,#1276);
#1040=AXIS2_PLACEMENT_3D('',#1785,#1279,#1280);
#1041=AXIS2_PLACEMENT_3D('',#1787,#1282,#1283);
#1042=AXIS2_PLACEMENT_3D('',#1788,#1284,#1285);
#1043=AXIS2_PLACEMENT_3D('',#1792,#1288,#1289);
#1044=AXIS2_PLACEMENT_3D('',#1796,#1292,#1293);
#1045=AXIS2_PLACEMENT_3D('',#1799,#1296,#1297);
#1046=AXIS2_PLACEMENT_3D('',#1800,#1298,#1299);
#1047=DIRECTION('',(0.,0.,1.));
#1048=DIRECTION('',(1.,0.,0.));
#1049=DIRECTION('',(0.853914216320817,0.,-0.520413788408037));
#1050=DIRECTION('',(-0.520413788408037,0.,-0.853914216320817));
#1051=DIRECTION('',(-0.853914216320817,0.,0.520413788408037));
#1052=DIRECTION('',(0.520413788408037,0.,0.853914216320817));
#1053=DIRECTION('',(-0.853914216320817,0.,0.520413788408037));
#1054=DIRECTION('',(0.520413788408037,0.,0.853914216320817));
#1055=DIRECTION('',(-0.971796651718351,-3.28807970667345E-16,-0.235820414105741));
#1056=DIRECTION('',(-0.235820414105741,0.,0.971796651718351));
#1057=DIRECTION('',(-0.235820414105741,-7.97899762948704E-17,0.971796651718351));
#1058=DIRECTION('',(0.971796651718351,0.,0.235820414105741));
#1059=DIRECTION('',(-0.26020689420402,0.866025403784439,-0.426957108160408));
#1060=DIRECTION('',(0.,0.4421892525433,0.89692177191503));
#1061=DIRECTION('',(0.853914216320817,0.,-0.520413788408037));
#1062=DIRECTION('',(-0.520413788408037,0.,-0.853914216320817));
#1063=DIRECTION('',(0.260206894204018,0.866025403784439,0.426957108160409));
#1064=DIRECTION('',(0.,-0.442189252543301,0.89692177191503));
#1065=DIRECTION('',(-0.45069156124106,0.5,-0.739511403986508));
#1066=DIRECTION('',(0.,0.828417372528035,0.56011128973959));
#1067=DIRECTION('',(0.260206894204018,0.866025403784439,0.426957108160408));
#1068=DIRECTION('',(0.,-0.4421892525433,0.89692177191503));
#1069=DIRECTION('',(-0.853914216320817,0.,0.520413788408037));
#1070=DIRECTION('',(0.520413788408037,0.,0.853914216320817));
#1071=DIRECTION('',(-0.520413788408038,0.,-0.853914216320816));
#1072=DIRECTION('',(-0.853914216320816,0.,0.520413788408038));
#1073=DIRECTION('',(0.,-1.,0.));
#1074=DIRECTION('',(0.,0.,-1.));
#1075=DIRECTION('',(-0.520413788408039,0.,-0.853914216320816));
#1076=DIRECTION('',(-0.853914216320816,0.,0.520413788408039));
#1077=DIRECTION('',(-0.853914216320817,0.,0.520413788408037));
#1078=DIRECTION('',(0.520413788408037,0.,0.853914216320817));
#1079=DIRECTION('',(-0.26020689420402,0.866025403784439,-0.426957108160408));
#1080=DIRECTION('',(0.,0.4421892525433,0.89692177191503));
#1081=DIRECTION('',(-0.45069156124106,-0.5,-0.739511403986508));
#1082=DIRECTION('',(0.,0.828417372528035,-0.56011128973959));
#1083=DIRECTION('',(-0.26020689420402,0.866025403784439,-0.426957108160407));
#1084=DIRECTION('',(0.,0.442189252543299,0.896921771915031));
#1085=DIRECTION('',(-0.853914216320817,0.,0.520413788408037));
#1086=DIRECTION('',(0.520413788408037,0.,0.853914216320817));
#1087=DIRECTION('',(0.260206894204018,0.866025403784439,0.426957108160408));
#1088=DIRECTION('',(0.,-0.4421892525433,0.89692177191503));
#1089=DIRECTION('',(-0.45069156124106,0.5,-0.739511403986508));
#1090=DIRECTION('',(0.,0.828417372528035,0.56011128973959));
#1091=DIRECTION('',(0.260206894204018,0.866025403784439,0.426957108160409));
#1092=DIRECTION('',(0.,-0.442189252543301,0.89692177191503));
#1093=DIRECTION('',(-0.853914216320817,0.,0.520413788408037));
#1094=DIRECTION('',(0.520413788408037,0.,0.853914216320817));
#1095=DIRECTION('',(-0.520413788408039,0.,-0.853914216320816));
#1096=DIRECTION('',(-0.853914216320816,0.,0.520413788408039));
#1097=DIRECTION('',(0.,-1.,0.));
#1098=DIRECTION('',(0.,0.,-1.));
#1099=DIRECTION('',(-0.520413788408038,0.,-0.853914216320816));
#1100=DIRECTION('',(-0.853914216320816,0.,0.520413788408038));
#1101=DIRECTION('',(-0.853914216320817,0.,0.520413788408037));
#1102=DIRECTION('',(0.520413788408037,0.,0.853914216320817));
#1103=DIRECTION('',(-0.26020689420402,0.866025403784439,-0.426957108160407));
#1104=DIRECTION('',(0.,0.442189252543299,0.896921771915031));
#1105=DIRECTION('',(-0.45069156124106,-0.5,-0.739511403986508));
#1106=DIRECTION('',(0.,0.828417372528035,-0.56011128973959));
#1107=DIRECTION('',(0.853914216320817,0.,-0.520413788408037));
#1108=DIRECTION('',(-0.520413788408037,0.,-0.853914216320817));
#1109=DIRECTION('',(-0.45069156124106,0.5,-0.739511403986508));
#1110=DIRECTION('',(-0.853914216320817,0.,0.520413788408037));
#1111=DIRECTION('',(0.520413788408037,0.,0.853914216320817));
#1112=DIRECTION('',(0.,-1.,0.));
#1113=DIRECTION('',(-0.853914216320817,0.,0.520413788408037));
#1114=DIRECTION('',(0.520413788408037,0.,0.853914216320817));
#1115=DIRECTION('',(-0.853914216320817,0.,0.520413788408037));
#1116=DIRECTION('',(0.520413788408037,0.,0.853914216320817));
#1117=DIRECTION('',(0.853914216320817,0.,-0.520413788408037));
#1118=DIRECTION('',(-0.520413788408037,0.,-0.853914216320817));
#1119=DIRECTION('',(-0.45069156124106,0.5,-0.739511403986508));
#1120=DIRECTION('',(-0.45069156124106,-0.5,-0.739511403986508));
#1121=DIRECTION('',(-0.853914216320817,0.,0.520413788408037));
#1122=DIRECTION('',(0.520413788408037,0.,0.853914216320817));
#1123=DIRECTION('',(-0.853914216320817,0.,0.520413788408037));
#1124=DIRECTION('',(0.520413788408037,0.,0.853914216320817));
#1125=DIRECTION('',(0.853914216320817,0.,-0.520413788408037));
#1126=DIRECTION('',(-0.520413788408037,0.,-0.853914216320817));
#1127=DIRECTION('',(-0.45069156124106,-0.5,-0.739511403986508));
#1128=DIRECTION('',(0.,-1.,0.));
#1129=DIRECTION('',(-0.853914216320817,0.,0.520413788408037));
#1130=DIRECTION('',(0.520413788408037,0.,0.853914216320817));
#1131=DIRECTION('',(-0.853914216320817,0.,0.520413788408037));
#1132=DIRECTION('',(0.520413788408037,0.,0.853914216320817));
#1133=DIRECTION('',(-0.853914216320817,0.,0.520413788408037));
#1134=DIRECTION('',(0.520413788408037,0.,0.853914216320817));
#1135=DIRECTION('',(0.853914216320817,0.,-0.520413788408037));
#1136=DIRECTION('',(-0.520413788408037,0.,-0.853914216320817));
#1137=DIRECTION('',(-0.45069156124106,-0.5,-0.739511403986508));
#1138=DIRECTION('',(0.,-1.,0.));
#1139=DIRECTION('',(-0.853914216320817,0.,0.520413788408037));
#1140=DIRECTION('',(0.520413788408037,0.,0.853914216320817));
#1141=DIRECTION('',(0.235820414105741,7.97899762948704E-17,-0.971796651718351));
#1142=DIRECTION('',(-0.971796651718351,0.,-0.235820414105741));
#1143=DIRECTION('',(0.971796651718351,-9.74431356985466E-32,0.235820414105741));
#1144=DIRECTION('',(-3.38350590204176E-16,1.,0.));
#1145=DIRECTION('',(-0.971796651718351,-3.28807970667345E-16,-0.235820414105741));
#1146=DIRECTION('',(-3.38350590204176E-16,1.,0.));
#1147=DIRECTION('',(-3.38350590204176E-16,1.,0.));
#1148=DIRECTION('',(-1.,-3.38350590204176E-16,0.));
#1149=DIRECTION('',(-3.38350590204176E-16,1.,0.));
#1150=DIRECTION('',(-1.,-3.38350590204176E-16,0.));
#1151=DIRECTION('',(-3.38350590204176E-16,1.,0.));
#1152=DIRECTION('',(-3.38350590204176E-16,1.,0.));
#1153=DIRECTION('',(-1.,-3.38350590204176E-16,0.));
#1154=DIRECTION('',(-3.38350590204176E-16,1.,0.));
#1155=DIRECTION('',(-0.978847899925848,-3.31193764660028E-16,-0.204589317440469));
#1156=DIRECTION('',(-0.204589317440469,0.,0.978847899925848));
#1157=DIRECTION('',(-0.204589317440469,-6.9222916305452E-17,0.978847899925848));
#1158=DIRECTION('',(-0.204589317440469,-6.9222916305452E-17,0.978847899925848));
#1159=DIRECTION('',(-3.38350590204176E-16,1.,0.));
#1160=DIRECTION('',(-3.38350590204176E-16,1.,0.));
#1161=DIRECTION('',(0.235820414105741,7.97899762948704E-17,-0.971796651718351));
#1162=DIRECTION('',(-0.971796651718351,0.,-0.235820414105741));
#1163=DIRECTION('',(0.971796651718351,5.31508012901163E-32,0.235820414105741));
#1164=DIRECTION('',(-3.38350590204176E-16,1.,0.));
#1165=DIRECTION('',(-0.971796651718351,-3.28807970667345E-16,-0.235820414105741));
#1166=DIRECTION('',(-0.963749213305288,-3.26085115130654E-16,-0.266809770910733));
#1167=DIRECTION('',(-0.266809770910733,0.,0.963749213305288));
#1168=DIRECTION('',(-0.266809770910733,-9.02752434598875E-17,0.963749213305288));
#1169=DIRECTION('',(-3.38350590204176E-16,1.,0.));
#1170=DIRECTION('',(-0.266809770910733,-9.02752434598875E-17,0.963749213305288));
#1171=DIRECTION('',(-3.38350590204176E-16,1.,0.));
#1172=DIRECTION('',(-1.,-3.38350590204176E-16,0.));
#1173=DIRECTION('',(-3.38350590204176E-16,1.,0.));
#1174=DIRECTION('',(-1.,-3.38350590204176E-16,0.));
#1175=DIRECTION('',(-3.38350590204176E-16,1.,0.));
#1176=DIRECTION('',(-1.,-3.38350590204176E-16,0.));
#1177=DIRECTION('',(-3.38350590204176E-16,1.,0.));
#1178=DIRECTION('',(-1.,-3.38350590204176E-16,0.));
#1179=DIRECTION('',(-3.38350590204176E-16,1.,0.));
#1180=DIRECTION('',(-1.,-3.38350590204176E-16,0.));
#1181=DIRECTION('',(-1.88161052513436E-17,1.,7.75396318040416E-17));
#1182=DIRECTION('',(0.,-7.75396318040416E-17,1.));
#1183=DIRECTION('',(0.235820414105741,7.97899762948704E-17,-0.971796651718351));
#1184=DIRECTION('',(0.971796651718351,5.31508012901163E-32,0.235820414105741));
#1185=DIRECTION('',(0.235820414105741,7.97899762948704E-17,-0.971796651718351));
#1186=DIRECTION('',(-0.971796651718351,-3.28807970667345E-16,-0.235820414105741));
#1187=DIRECTION('',(-0.235820414105741,0.,0.971796651718351));
#1188=DIRECTION('',(0.235820414105741,7.97899762948704E-17,-0.971796651718351));
#1189=DIRECTION('',(-3.38350590204176E-16,1.,0.));
#1190=DIRECTION('',(-1.88161052513434E-17,1.,7.75396318040416E-17));
#1191=DIRECTION('',(0.,-7.75396318040416E-17,1.));
#1192=DIRECTION('',(0.235820414105741,7.97899762948704E-17,-0.971796651718351));
#1193=DIRECTION('',(0.971796651718351,-9.74431356985466E-32,0.235820414105741));
#1194=DIRECTION('',(-0.971796651718351,-3.28807970667345E-16,-0.235820414105741));
#1195=DIRECTION('',(-0.235820414105741,0.,0.971796651718351));
#1196=DIRECTION('',(-3.38350590204176E-16,1.,0.));
#1197=DIRECTION('',(-3.38350590204176E-16,1.,0.));
#1198=DIRECTION('',(-0.235820414105741,-7.97899762948704E-17,0.971796651718351));
#1199=DIRECTION('',(0.971796651718351,-1.93621836606172E-17,0.235820414105741));
#1200=DIRECTION('',(0.853914216320817,0.,-0.520413788408037));
#1201=DIRECTION('',(-0.520413788408037,0.,-0.853914216320817));
#1202=DIRECTION('',(-0.45069156124106,0.5,-0.739511403986508));
#1203=DIRECTION('',(0.,-1.,0.));
#1204=DIRECTION('',(-0.853914216320817,0.,0.520413788408037));
#1205=DIRECTION('',(0.520413788408037,0.,0.853914216320817));
#1206=DIRECTION('',(-0.853914216320817,0.,0.520413788408037));
#1207=DIRECTION('',(0.520413788408037,0.,0.853914216320817));
#1208=DIRECTION('',(-0.853914216320817,0.,0.520413788408037));
#1209=DIRECTION('',(0.520413788408037,0.,0.853914216320817));
#1210=DIRECTION('',(-0.853914216320817,0.,0.520413788408037));
#1211=DIRECTION('',(0.520413788408037,0.,0.853914216320817));
#1212=DIRECTION('',(-0.853914216320817,0.,0.520413788408037));
#1213=DIRECTION('',(0.520413788408037,0.,0.853914216320817));
#1214=DIRECTION('',(-0.853914216320817,0.,0.520413788408037));
#1215=DIRECTION('',(0.520413788408037,0.,0.853914216320817));
#1216=DIRECTION('',(-0.853914216320817,0.,0.520413788408037));
#1217=DIRECTION('',(0.520413788408037,0.,0.853914216320817));
#1218=DIRECTION('',(-0.520413788408039,0.,-0.853914216320816));
#1219=DIRECTION('',(-0.853914216320816,0.,0.520413788408039));
#1220=DIRECTION('',(0.853914216320816,0.,-0.520413788408039));
#1221=DIRECTION('',(0.,-1.,0.));
#1222=DIRECTION('',(0.853914216320814,0.,-0.520413788408041));
#1223=DIRECTION('',(-0.520413788408041,0.,-0.853914216320814));
#1224=DIRECTION('',(0.520413788408041,0.,0.853914216320814));
#1225=DIRECTION('',(0.,-1.,0.));
#1226=DIRECTION('',(-0.520413788408038,0.,-0.853914216320816));
#1227=DIRECTION('',(-0.853914216320816,0.,0.520413788408038));
#1228=DIRECTION('',(0.853914216320816,0.,-0.520413788408038));
#1229=DIRECTION('',(0.,-1.,0.));
#1230=DIRECTION('',(1.,0.,0.));
#1231=DIRECTION('',(-0.520413788408038,0.,-0.853914216320816));
#1232=DIRECTION('',(-0.853914216320816,0.,0.520413788408038));
#1233=DIRECTION('',(0.853914216320816,0.,-0.520413788408038));
#1234=DIRECTION('',(0.,-1.,0.));
#1235=DIRECTION('',(0.853914216320814,0.,-0.520413788408041));
#1236=DIRECTION('',(-0.520413788408041,0.,-0.853914216320814));
#1237=DIRECTION('',(0.520413788408041,0.,0.853914216320814));
#1238=DIRECTION('',(0.,-1.,0.));
#1239=DIRECTION('',(-0.520413788408039,0.,-0.853914216320816));
#1240=DIRECTION('',(-0.853914216320816,0.,0.520413788408039));
#1241=DIRECTION('',(0.853914216320816,0.,-0.520413788408039));
#1242=DIRECTION('',(0.,-1.,0.));
#1243=DIRECTION('',(1.,0.,0.));
#1244=DIRECTION('',(-0.26020689420402,0.866025403784439,-0.426957108160407));
#1245=DIRECTION('',(0.,0.442189252543299,0.896921771915031));
#1246=DIRECTION('',(0.853914216320816,1.33226762955019E-15,-0.520413788408038));
#1247=DIRECTION('',(-0.45069156124106,-0.5,-0.739511403986508));
#1248=DIRECTION('',(0.853914216320816,4.03323208164608E-15,-0.520413788408039));
#1249=DIRECTION('',(-0.520413788408039,0.,-0.853914216320816));
#1250=DIRECTION('',(0.260206894204023,-0.866025403784439,0.426957108160406));
#1251=DIRECTION('',(-0.45069156124106,-0.5,-0.739511403986508));
#1252=DIRECTION('',(-0.26020689420402,0.866025403784439,-0.426957108160408));
#1253=DIRECTION('',(0.,0.4421892525433,0.89692177191503));
#1254=DIRECTION('',(0.853914216320817,7.21644966006352E-16,-0.520413788408038));
#1255=DIRECTION('',(-0.45069156124106,-0.5,-0.739511403986508));
#1256=DIRECTION('',(0.864584744417397,-0.45069156124106,-0.222194366145498));
#1257=DIRECTION('',(-0.26020689420402,0.866025403784439,-0.426957108160408));
#1258=DIRECTION('',(0.,0.4421892525433,0.89692177191503));
#1259=DIRECTION('',(-0.45069156124106,-0.5,-0.739511403986508));
#1260=DIRECTION('',(0.853914216320817,7.21644966006352E-16,-0.520413788408038));
#1261=DIRECTION('',(-0.45069156124106,-0.5,-0.739511403986508));
#1262=DIRECTION('',(0.853914216320816,4.03323208164608E-15,-0.520413788408039));
#1263=DIRECTION('',(-0.520413788408039,0.,-0.853914216320816));
#1264=DIRECTION('',(0.260206894204023,-0.866025403784439,0.426957108160406));
#1265=DIRECTION('',(-0.45069156124106,-0.5,-0.739511403986508));
#1266=DIRECTION('',(-0.26020689420402,0.866025403784439,-0.426957108160407));
#1267=DIRECTION('',(0.,0.442189252543299,0.896921771915031));
#1268=DIRECTION('',(0.853914216320816,1.33226762955019E-15,-0.520413788408038));
#1269=DIRECTION('',(-0.45069156124106,-0.5,-0.739511403986508));
#1270=DIRECTION('',(0.864584744417397,-0.45069156124106,-0.222194366145498));
#1271=DIRECTION('',(0.260206894204018,0.866025403784439,0.426957108160409));
#1272=DIRECTION('',(0.,-0.442189252543301,0.89692177191503));
#1273=DIRECTION('',(0.853914216320817,1.33226762955019E-15,-0.520413788408037));
#1274=DIRECTION('',(-0.45069156124106,0.5,-0.739511403986508));
#1275=DIRECTION('',(0.853914216320818,4.01154803819637E-15,-0.520413788408035));
#1276=DIRECTION('',(-0.520413788408035,0.,-0.853914216320818));
#1277=DIRECTION('',(-0.260206894204015,-0.866025403784439,-0.42695710816041));
#1278=DIRECTION('',(-0.45069156124106,0.5,-0.739511403986508));
#1279=DIRECTION('',(0.260206894204018,0.866025403784439,0.426957108160408));
#1280=DIRECTION('',(0.,-0.4421892525433,0.89692177191503));
#1281=DIRECTION('',(0.853914216320817,6.66133814775094E-16,-0.520413788408037));
#1282=DIRECTION('',(-0.45069156124106,0.5,-0.739511403986508));
#1283=DIRECTION('',(0.593754233252192,-0.45069156124106,-0.666583098436495));
#1284=DIRECTION('',(0.260206894204018,0.866025403784439,0.426957108160408));
#1285=DIRECTION('',(0.,-0.4421892525433,0.89692177191503));
#1286=DIRECTION('',(0.853914216320817,6.66133814775094E-16,-0.520413788408037));
#1287=DIRECTION('',(-0.45069156124106,0.5,-0.739511403986508));
#1288=DIRECTION('',(0.853914216320818,4.01154803819637E-15,-0.520413788408035));
#1289=DIRECTION('',(-0.520413788408035,0.,-0.853914216320818));
#1290=DIRECTION('',(-0.260206894204015,-0.866025403784439,-0.42695710816041));
#1291=DIRECTION('',(-0.45069156124106,0.5,-0.739511403986508));
#1292=DIRECTION('',(0.260206894204018,0.866025403784439,0.426957108160409));
#1293=DIRECTION('',(0.,-0.442189252543301,0.89692177191503));
#1294=DIRECTION('',(-0.45069156124106,0.5,-0.739511403986508));
#1295=DIRECTION('',(0.853914216320817,1.33226762955019E-15,-0.520413788408037));
#1296=DIRECTION('',(-0.45069156124106,0.5,-0.739511403986508));
#1297=DIRECTION('',(0.593754233252192,-0.45069156124106,-0.666583098436495));
#1298=DIRECTION('',(0.853914216320817,0.,-0.520413788408037));
#1299=DIRECTION('',(-0.520413788408037,0.,-0.853914216320817));
#1300=CARTESIAN_POINT('',(0.,0.,0.));
#1301=CARTESIAN_POINT('',(0.0355636841686352,0.00103726166300479,0.0789867688266431));
#1302=CARTESIAN_POINT('',(0.0354635619283751,0.000354618108148824,0.0788224845470325));
#1303=CARTESIAN_POINT('',(0.0354635619283751,-0.00035461810814884,0.0788224845470325));
#1304=CARTESIAN_POINT('',(0.0355636841686352,-0.0010372616630048,0.0789867688266431));
#1305=CARTESIAN_POINT('',(0.0357299848412306,0.00105977803695608,0.0787918563643582));
#1306=CARTESIAN_POINT('',(0.0356276891958568,0.000362315986338836,0.0786240058811503));
#1307=CARTESIAN_POINT('',(0.0356276891958568,-0.000362315986338862,0.0786240058811503));
#1308=CARTESIAN_POINT('',(0.0357299848412306,-0.0010597780369561,0.0787918563643582));
#1309=CARTESIAN_POINT('',(0.0359014945847222,0.00107629164212853,0.0786187123121661));
#1310=CARTESIAN_POINT('',(0.0357976049547218,0.000367961643200389,0.0784482463599533));
#1311=CARTESIAN_POINT('',(0.0357976049547218,-0.000367961643200425,0.0784482463599533));
#1312=CARTESIAN_POINT('',(0.0359014945847222,-0.00107629164212857,0.0786187123121661));
#1313=CARTESIAN_POINT('',(0.0360769414241272,0.00108728175163867,0.0784661203655022));
#1314=CARTESIAN_POINT('',(0.0359719909678917,0.000371718932206466,0.0782939137703175));
#1315=CARTESIAN_POINT('',(0.0359719909678917,-0.000371718932206501,0.0782939137703175));
#1316=CARTESIAN_POINT('',(0.0360769414241272,-0.00108728175163871,0.0784661203655022));
#1317=CARTESIAN_POINT('',(0.0374790394868647,0.,0.0821295547634231));
#1318=CARTESIAN_POINT('',(0.0355554448112566,-0.000979347268408195,0.0789732493838797));
#1319=CARTESIAN_POINT('',(0.0355554448112381,0.000979347268403462,0.0789732493839005));
#1320=CARTESIAN_POINT('',(0.035555444811238,-0.000979347268403516,0.0789732493839005));
#1321=CARTESIAN_POINT('',(0.0357160591685329,-0.00102018407158078,0.0787925317648179));
#1322=CARTESIAN_POINT('',(0.03588836984528,-0.00105262512105502,0.078621715545552));
#1323=CARTESIAN_POINT('',(0.0360751089381454,-0.00107470928616504,0.0784631135546415));
#1324=CARTESIAN_POINT('',(0.0360751089381454,-0.00107470928616504,0.0784631135546414));
#1325=CARTESIAN_POINT('',(0.0380846613270855,0.,0.0817604615334616));
#1326=CARTESIAN_POINT('',(0.0360751089381454,0.001074709286165,0.0784631135546414));
#1327=CARTESIAN_POINT('',(0.035555444811238,0.000979347268403456,0.0789732493839005));
#1328=CARTESIAN_POINT('',(0.0357160591685329,0.00102018407158073,0.078792531764818));
#1329=CARTESIAN_POINT('',(0.03588836984528,0.00105262512105498,0.0786217155455519));
#1330=CARTESIAN_POINT('',(0.0360751089381454,0.001074709286165,0.0784631135546414));
#1331=CARTESIAN_POINT('',(0.0395612922096674,0.,0.0808605361580583));
#1332=CARTESIAN_POINT('',(0.0416582749171173,7.09515336713615E-19,0.0813693991280726));
#1333=CARTESIAN_POINT('',(0.0427275415192125,0.0022437424321398,0.0769630388574793));
#1334=CARTESIAN_POINT('',(0.0427275415192125,-0.0022437424321398,0.0769630388574793));
#1335=CARTESIAN_POINT('',(0.0406305588117626,3.61786985904535E-19,0.0764541758874649));
#1336=CARTESIAN_POINT('',(0.0393010853154633,0.000866025403784453,0.0804335790498979));
#1337=CARTESIAN_POINT('',(0.0350431630007281,-0.0015476758710919,0.0781326784181148));
#1338=CARTESIAN_POINT('',(0.0352872382547045,-0.00163397459621556,0.0778088825392824));
#1339=CARTESIAN_POINT('',(0.0374790394868193,0.,0.0821295547634509));
#1340=CARTESIAN_POINT('',(0.0350431630007281,0.00154767587109185,0.0781326784181148));
#1341=CARTESIAN_POINT('',(0.0393010853154633,-0.000866025403784483,0.0804335790498978));
#1342=CARTESIAN_POINT('',(0.0352872382547045,0.00163397459621552,0.0778088825392824));
#1343=CARTESIAN_POINT('',(0.0373078344034621,0.0025,0.0771629791381257));
#1344=CARTESIAN_POINT('',(0.0358076520431125,0.00336602540378444,0.0786627967556032));
#1345=CARTESIAN_POINT('',(0.0398214991038714,0.00086602540378443,0.0812874932662187));
#1346=CARTESIAN_POINT('',(0.0348891924102523,0.00284372074321021,0.0802819725928886));
#1347=CARTESIAN_POINT('',(0.0364116467164183,0.,0.0827800719989609));
#1348=CARTESIAN_POINT('',(0.0358912329280102,0.00395539067885157,0.0819261577826401));
#1349=CARTESIAN_POINT('',(0.0390408784212593,0.,0.0800066219417374));
#1350=CARTESIAN_POINT('',(0.0372804891667058,0.005,0.0810794824510545));
#1351=CARTESIAN_POINT('',(0.0395612922096674,0.005,0.0808605361580583));
#1352=CARTESIAN_POINT('',(0.0383213167435218,0.005,0.0827873108836962));
#1353=CARTESIAN_POINT('',(0.0400817059980755,0.,0.0817144503743791));
#1354=CARTESIAN_POINT('',(0.0369320605048263,0.00395539067885156,0.0836339862152817));
#1355=CARTESIAN_POINT('',(0.0364116467164183,0.,0.0827800719989609));
#1356=CARTESIAN_POINT('',(0.0379341010225842,0.00284372074321022,0.0852781714050331));
#1357=CARTESIAN_POINT('',(0.0393010853154633,0.000866025403784453,0.0804335790498979));
#1358=CARTESIAN_POINT('',(0.039794153867115,0.00336602540378445,0.0852039965791475));
#1359=CARTESIAN_POINT('',(0.0418147500158727,0.0025,0.0845580931779908));
#1360=CARTESIAN_POINT('',(0.040314567655523,0.00163397459621553,0.0860579107954683));
#1361=CARTESIAN_POINT('',(0.0398214991038714,-0.000866025403784459,0.0812874932662187));
#1362=CARTESIAN_POINT('',(0.0384545148109922,0.00111166993564131,0.086132085621354));
#1363=CARTESIAN_POINT('',(0.0364116467164183,0.,0.0827800719989609));
#1364=CARTESIAN_POINT('',(0.0384545148109922,-0.00111166993564135,0.0861320856213539));
#1365=CARTESIAN_POINT('',(0.0398214991038714,0.00086602540378443,0.0812874932662187));
#1366=CARTESIAN_POINT('',(0.040314567655523,-0.00163397459621557,0.0860579107954683));
#1367=CARTESIAN_POINT('',(0.0418147500158727,-0.0025,0.0845580931779908));
#1368=CARTESIAN_POINT('',(0.0397941538671151,-0.00336602540378448,0.0852039965791475));
#1369=CARTESIAN_POINT('',(0.0393010853154633,-0.000866025403784483,0.0804335790498978));
#1370=CARTESIAN_POINT('',(0.0379341010225842,-0.00284372074321025,0.0852781714050331));
#1371=CARTESIAN_POINT('',(0.0364116467164183,0.,0.0827800719989609));
#1372=CARTESIAN_POINT('',(0.0369320605048263,-0.00395539067885156,0.0836339862152817));
#1373=CARTESIAN_POINT('',(0.0400817059980755,0.,0.0817144503743791));
#1374=CARTESIAN_POINT('',(0.0383213167435218,-0.005,0.0827873108836962));
#1375=CARTESIAN_POINT('',(0.0395612922096674,-0.005,0.0808605361580583));
#1376=CARTESIAN_POINT('',(0.0372804891667058,-0.005,0.0810794824510545));
#1377=CARTESIAN_POINT('',(0.0390408784212593,0.,0.0800066219417374));
#1378=CARTESIAN_POINT('',(0.0358912329280102,-0.00395539067885157,0.0819261577826401));
#1379=CARTESIAN_POINT('',(0.0364116467164183,0.,0.0827800719989609));
#1380=CARTESIAN_POINT('',(0.0348891924102523,-0.00284372074321024,0.0802819725928887));
#1381=CARTESIAN_POINT('',(0.0398214991038714,-0.000866025403784459,0.0812874932662187));
#1382=CARTESIAN_POINT('',(0.0358076520431126,-0.00336602540378447,0.0786627967556032));
#1383=CARTESIAN_POINT('',(0.0373078344034621,-0.0025,0.0771629791381257));
#1384=CARTESIAN_POINT('',(0.0383396978754087,0.,0.0859436897414732));
#1385=CARTESIAN_POINT('',(0.0389253114168276,-0.00163397459621557,0.0869045861270538));
#1386=CARTESIAN_POINT('',(0.0352877180391101,0.00240159395059809,0.0809358882031779));
#1387=CARTESIAN_POINT('',(0.0364116467164183,0.,0.0827800719989609));
#1388=CARTESIAN_POINT('',(0.0358912329280102,0.00307113709362729,0.0819261577826401));
#1389=CARTESIAN_POINT('',(0.0358912329280102,0.005,0.0819261577826401));
#1390=CARTESIAN_POINT('',(0.0368256946498481,-0.00313031677798353,0.0834594571814242));
#1391=CARTESIAN_POINT('',(0.0371278501615323,-0.00298274773402047,0.0839552451346145));
#1392=CARTESIAN_POINT('',(0.0373978442268951,-0.00268321465132931,0.0843982613956572));
#1393=CARTESIAN_POINT('',(0.0376154301055518,-0.00225417938866899,0.0847552843631384));
#1394=CARTESIAN_POINT('',(0.0374764272088208,-0.00354012593596753,0.083184849291501));
#1395=CARTESIAN_POINT('',(0.0378181397700324,-0.00337323771444509,0.0837455439164583));
#1396=CARTESIAN_POINT('',(0.0381234804307831,-0.0030344909006487,0.0842465581801913));
#1397=CARTESIAN_POINT('',(0.0383695518244996,-0.00254928797439188,0.0846503212356769));
#1398=CARTESIAN_POINT('',(0.0380683423317991,-0.00378110542183828,0.0828958360075145));
#1399=CARTESIAN_POINT('',(0.038433315567576,-0.0036028569723048,0.0834946976087028));
#1400=CARTESIAN_POINT('',(0.0387594410356398,-0.00324105136497804,0.0840298163539916));
#1401=CARTESIAN_POINT('',(0.0390222627255373,-0.00272282024881294,0.0844610639157586));
#1402=CARTESIAN_POINT('',(0.0385984925684097,-0.0038847061557466,0.0826035748627581));
#1403=CARTESIAN_POINT('',(0.0389734659207834,-0.00370157377198504,0.0832188450255893));
#1404=CARTESIAN_POINT('',(0.0393085270925814,-0.00332985483977855,0.0837686258044781));
#1405=CARTESIAN_POINT('',(0.0395785499887196,-0.00279742440410791,0.0842116893721246));
#1406=CARTESIAN_POINT('',(0.0395737999276175,-0.00280676009373396,0.0842038952959609));
#1407=CARTESIAN_POINT('',(0.0389177034863456,-0.00274280408105014,0.0844740238015376));
#1408=CARTESIAN_POINT('',(0.0382206254148737,-0.00259272046150441,0.0845944300245383));
#1409=CARTESIAN_POINT('',(0.0375355753937264,-0.00240159395059812,0.0846242557947438));
#1410=CARTESIAN_POINT('',(0.0395737999276175,-0.00280676009373396,0.0842038952959609));
#1411=CARTESIAN_POINT('',(0.0375355753937264,-0.00240159395059811,0.0846242557947438));
#1412=CARTESIAN_POINT('',(0.0380846613270855,0.,0.0817604615334616));
#1413=CARTESIAN_POINT('',(0.0386050751154935,-0.00388146937989895,0.0826143757497824));
#1414=CARTESIAN_POINT('',(0.0369320605048263,-0.00307113709362728,0.0836339862152817));
#1415=CARTESIAN_POINT('',(0.0374450428570762,-0.00345354706717938,0.0833213516622805));
#1416=CARTESIAN_POINT('',(0.0380062514463587,-0.00375347696738507,0.0829793258680573));
#1417=CARTESIAN_POINT('',(0.0386050751154935,-0.00388146937989896,0.0826143757497825));
#1418=CARTESIAN_POINT('',(0.0369320605048263,-0.00307113709362728,0.0836339862152817));
#1419=CARTESIAN_POINT('',(0.0364116467164183,0.,0.0827800719989609));
#1420=CARTESIAN_POINT('',(0.0383396978754087,0.,0.0859436897414732));
#1421=CARTESIAN_POINT('',(0.0389253114168276,-0.00163397459621557,0.0869045861270538));
#1422=CARTESIAN_POINT('',(0.0380559891821345,-0.00066954314302922,0.0854781700110646));
#1423=CARTESIAN_POINT('',(0.0389253114168276,0.00163397459621553,0.0869045861270538));
#1424=CARTESIAN_POINT('',(0.0380559891821345,0.000669543143029172,0.0854781700110647));
#1425=CARTESIAN_POINT('',(0.0364116467164183,0.,0.0827800719989609));
#1426=CARTESIAN_POINT('',(0.0380294780389817,-0.000876137389314566,0.0854346695456017));
#1427=CARTESIAN_POINT('',(0.0381140476720092,-0.000299533082691178,0.0855734345313108));
#1428=CARTESIAN_POINT('',(0.0381140476720092,0.000299533082691156,0.0855734345313107));
#1429=CARTESIAN_POINT('',(0.0380294780389817,0.000876137389314545,0.0854346695456017));
#1430=CARTESIAN_POINT('',(0.0388378053374278,-0.000990837961575689,0.0854186489403572));
#1431=CARTESIAN_POINT('',(0.038933446504923,-0.000338746813796407,0.085575580509829));
#1432=CARTESIAN_POINT('',(0.038933446504923,0.00033874681379637,0.085575580509829));
#1433=CARTESIAN_POINT('',(0.0388378053374278,0.000990837961575654,0.0854186489403573));
#1434=CARTESIAN_POINT('',(0.0395223906669021,-0.00105828517302538,0.0852816923630123));
#1435=CARTESIAN_POINT('',(0.0396245422127815,-0.000361805607326783,0.0854493064024335));
#1436=CARTESIAN_POINT('',(0.0396245422127815,0.000361805607326753,0.0854493064024335));
#1437=CARTESIAN_POINT('',(0.0395223906669021,0.00105828517302535,0.0852816923630123));
#1438=CARTESIAN_POINT('',(0.0400923812300438,-0.00108728175163873,0.085054802701421));
#1439=CARTESIAN_POINT('',(0.0401973316862793,-0.000371718932206514,0.0852270092966057));
#1440=CARTESIAN_POINT('',(0.0401973316862793,0.000371718932206484,0.0852270092966058));
#1441=CARTESIAN_POINT('',(0.0400923812300438,0.00108728175163871,0.0850548027014211));
#1442=CARTESIAN_POINT('',(0.0380846613270855,0.,0.0817604615334616));
#1443=CARTESIAN_POINT('',(0.0400942137160255,-0.00107470928616505,0.0850578095122817));
#1444=CARTESIAN_POINT('',(0.0400942137160255,0.00107470928616501,0.0850578095122817));
#1445=CARTESIAN_POINT('',(0.0400942137160255,-0.00107470928616505,0.0850578095122817));
#1446=CARTESIAN_POINT('',(0.0394381172747537,-0.00101075327348123,0.0853279380178584));
#1447=CARTESIAN_POINT('',(0.0387410392032817,-0.000860669653935502,0.0854483442408591));
#1448=CARTESIAN_POINT('',(0.0380559891821345,-0.000669543143029213,0.0854781700110646));
#1449=CARTESIAN_POINT('',(0.0400942137160255,0.00107470928616501,0.0850578095122817));
#1450=CARTESIAN_POINT('',(0.0394381172747537,0.00101075327348119,0.0853279380178584));
#1451=CARTESIAN_POINT('',(0.0387410392032817,0.000860669653935461,0.0854483442408592));
#1452=CARTESIAN_POINT('',(0.0380559891821345,0.000669543143029166,0.0854781700110647));
#1453=CARTESIAN_POINT('',(0.0383396978754087,0.,0.0859436897414732));
#1454=CARTESIAN_POINT('',(0.0384048976284196,0.00336602540378443,0.086050671910733));
#1455=CARTESIAN_POINT('',(0.0375355753937264,0.00240159395059808,0.0846242557947438));
#1456=CARTESIAN_POINT('',(0.0369320605048263,0.005,0.0836339862152817));
#1457=CARTESIAN_POINT('',(0.0369320605048263,0.00307113709362728,0.0836339862152817));
#1458=CARTESIAN_POINT('',(0.0364116467164183,0.,0.0827800719989609));
#1459=CARTESIAN_POINT('',(0.0352078633272847,-0.00225417938866899,0.0808048596347834));
#1460=CARTESIAN_POINT('',(0.0354254492059414,-0.00268321465132932,0.0811618826022646));
#1461=CARTESIAN_POINT('',(0.0356954432713042,-0.00298274773402047,0.0816048988633073));
#1462=CARTESIAN_POINT('',(0.0359975987829884,-0.00313031677798353,0.0821006868164976));
#1463=CARTESIAN_POINT('',(0.0356467955672855,-0.00254928797439188,0.0801827219379645));
#1464=CARTESIAN_POINT('',(0.0358928669610021,-0.00303449090064871,0.08058648499345));
#1465=CARTESIAN_POINT('',(0.0361982076217527,-0.00337323771444509,0.081087499257183));
#1466=CARTESIAN_POINT('',(0.0365399201829644,-0.00354012593596753,0.0816481938821404));
#1467=CARTESIAN_POINT('',(0.036114166055343,-0.00272282024881476,0.0796893512047538));
#1468=CARTESIAN_POINT('',(0.0363769877452406,-0.00324105136498021,0.0801205987665212));
#1469=CARTESIAN_POINT('',(0.0367031132133046,-0.00360285697230721,0.0806557175118103));
#1470=CARTESIAN_POINT('',(0.0370680864490817,-0.00378110542184081,0.081254579112999));
#1471=CARTESIAN_POINT('',(0.0365907726654514,-0.00279742440410791,0.0793092336947987));
#1472=CARTESIAN_POINT('',(0.0368607955615896,-0.00332985483977855,0.0797522972624452));
#1473=CARTESIAN_POINT('',(0.0371958567333876,-0.00370157377198504,0.0803020780413339));
#1474=CARTESIAN_POINT('',(0.0375708300857613,-0.0038847061557466,0.0809173482041652));
#1475=CARTESIAN_POINT('',(0.0352877180391101,-0.00240159395059811,0.0809358882031779));
#1476=CARTESIAN_POINT('',(0.0356283514433456,-0.00259279893737416,0.0803404571137367));
#1477=CARTESIAN_POINT('',(0.0360543841576416,-0.00274276388747701,0.0797766297379149));
#1478=CARTESIAN_POINT('',(0.0365955227265534,-0.00280676009373395,0.0793170277709623));
#1479=CARTESIAN_POINT('',(0.0352877180391101,-0.00240159395059811,0.0809358882031779));
#1480=CARTESIAN_POINT('',(0.0365955227265535,-0.00280676009373394,0.0793170277709623));
#1481=CARTESIAN_POINT('',(0.0364116467164183,0.,0.0827800719989609));
#1482=CARTESIAN_POINT('',(0.0358912329280102,-0.00307113709362729,0.0819261577826401));
#1483=CARTESIAN_POINT('',(0.0358912329280102,-0.00307113709362729,0.0819261577826401));
#1484=CARTESIAN_POINT('',(0.0364042152802601,-0.00345354706717939,0.0816135232296389));
#1485=CARTESIAN_POINT('',(0.0369654238695427,-0.00375347696738509,0.0812714974354156));
#1486=CARTESIAN_POINT('',(0.0375642475386775,-0.00388146937989897,0.0809065473171408));
#1487=CARTESIAN_POINT('',(0.0375642475386775,-0.00388146937989897,0.0809065473171408));
#1488=CARTESIAN_POINT('',(0.0380846613270855,0.,0.0817604615334616));
#1489=CARTESIAN_POINT('',(0.0383396978754087,0.,0.0859436897414732));
#1490=CARTESIAN_POINT('',(0.0389253114168276,0.00163397459621553,0.0869045861270538));
#1491=CARTESIAN_POINT('',(0.0358912329280102,0.005,0.0819261577826401));
#1492=CARTESIAN_POINT('',(0.0376154301055518,0.00225417938866899,0.0847552843631384));
#1493=CARTESIAN_POINT('',(0.0373978442268951,0.00268321465132932,0.0843982613956571));
#1494=CARTESIAN_POINT('',(0.0371278501615323,0.00298274773402048,0.0839552451346145));
#1495=CARTESIAN_POINT('',(0.0368256946498481,0.00313031677798354,0.0834594571814242));
#1496=CARTESIAN_POINT('',(0.0383695518244996,0.00254928797439187,0.0846503212356769));
#1497=CARTESIAN_POINT('',(0.0381234804307831,0.0030344909006487,0.0842465581801914));
#1498=CARTESIAN_POINT('',(0.0378181397700324,0.00337323771444509,0.0837455439164583));
#1499=CARTESIAN_POINT('',(0.0374764272088207,0.00354012593596754,0.083184849291501));
#1500=CARTESIAN_POINT('',(0.0390222627255373,0.00272282024881294,0.0844610639157586));
#1501=CARTESIAN_POINT('',(0.0387594410356398,0.00324105136497805,0.0840298163539916));
#1502=CARTESIAN_POINT('',(0.038433315567576,0.00360285697230482,0.0834946976087027));
#1503=CARTESIAN_POINT('',(0.0380683423317991,0.0037811054218383,0.0828958360075144));
#1504=CARTESIAN_POINT('',(0.0395785499887196,0.00279742440410789,0.0842116893721246));
#1505=CARTESIAN_POINT('',(0.0393085270925814,0.00332985483977855,0.083768625804478));
#1506=CARTESIAN_POINT('',(0.0389734659207834,0.00370157377198505,0.0832188450255893));
#1507=CARTESIAN_POINT('',(0.0385984925684097,0.0038847061557466,0.082603574862758));
#1508=CARTESIAN_POINT('',(0.0380846613270855,0.,0.0817604615334616));
#1509=CARTESIAN_POINT('',(0.0395737999276175,0.00280676009373393,0.0842038952959609));
#1510=CARTESIAN_POINT('',(0.0386050751154935,0.00388146937989896,0.0826143757497824));
#1511=CARTESIAN_POINT('',(0.0395737999276175,0.00280676009373393,0.0842038952959609));
#1512=CARTESIAN_POINT('',(0.0389177034863456,0.00274280408105011,0.0844740238015376));
#1513=CARTESIAN_POINT('',(0.0382206254148736,0.00259272046150438,0.0845944300245383));
#1514=CARTESIAN_POINT('',(0.0375355753937264,0.00240159395059809,0.0846242557947438));
#1515=CARTESIAN_POINT('',(0.0386050751154935,0.00388146937989896,0.0826143757497824));
#1516=CARTESIAN_POINT('',(0.0380066275446361,0.00375355735453132,0.0829790966568255));
#1517=CARTESIAN_POINT('',(0.0374448323147837,0.00345339011543986,0.0833214799762375));
#1518=CARTESIAN_POINT('',(0.0369320605048263,0.00307113709362728,0.0836339862152817));
#1519=CARTESIAN_POINT('',(0.0399954876225855,-0.0249999979,0.0747579745804284));
#1520=CARTESIAN_POINT('',(0.0399954876225856,-0.0035,0.0747579745804285));
#1521=CARTESIAN_POINT('',(0.0369100332533798,-0.0035,0.0740092447656427));
#1522=CARTESIAN_POINT('',(0.0430809419917914,-0.0035,0.0755067043952142));
#1523=CARTESIAN_POINT('',(0.0369100332533798,-0.0249999979,0.0740092447656427));
#1524=CARTESIAN_POINT('',(0.0369100332533798,-0.0249999979,0.0740092447656427));
#1525=CARTESIAN_POINT('',(0.0399954876225855,-0.0249999979,0.0747579745804284));
#1526=CARTESIAN_POINT('',(0.0430809419917914,-0.0249999979,0.0755067043952142));
#1527=CARTESIAN_POINT('',(0.0430809419917914,-0.0249999979,0.0755067043952142));
#1528=CARTESIAN_POINT('',(0.054040413061554,-0.0249999979,0.0168799848101986));
#1529=CARTESIAN_POINT('',(0.054040413061554,0.0250000021,0.0168799848101986));
#1530=CARTESIAN_POINT('',(0.0589362590651449,0.0250000021,0.0182353784464252));
#1531=CARTESIAN_POINT('',(0.0490678657299307,0.0250000021,0.0158406710776011));
#1532=CARTESIAN_POINT('',(0.0589362590651449,-0.0249999979,0.0182353784464252));
#1533=CARTESIAN_POINT('',(0.0589362590651449,-0.0249999979,0.0182353784464252));
#1534=CARTESIAN_POINT('',(0.054040413061554,-0.0249999979,0.0168799848101986));
#1535=CARTESIAN_POINT('',(0.0490678657299307,-0.0249999979,0.0158406710776011));
#1536=CARTESIAN_POINT('',(0.0490678657299307,-0.0249999979,0.0158406710776011));
#1537=CARTESIAN_POINT('',(0.0424330757447026,-0.0249999979,0.0475845095376875));
#1538=CARTESIAN_POINT('',(0.0424330757447026,0.0250000021,0.0475845095376875));
#1539=CARTESIAN_POINT('',(0.0369100332533798,0.0250000021,0.0740092447656427));
#1540=CARTESIAN_POINT('',(0.0424330757447026,-0.0249999979,0.0475845095376875));
#1541=CARTESIAN_POINT('',(0.0369100332533798,-0.0249999979,0.0740092447656427));
#1542=CARTESIAN_POINT('',(0.0369100332533798,0.0035,0.0740092447656427));
#1543=CARTESIAN_POINT('',(0.0369100332533798,-0.0249999979,0.0740092447656427));
#1544=CARTESIAN_POINT('',(0.0399954876225855,-0.0249999979,0.0747579745804284));
#1545=CARTESIAN_POINT('',(0.0399954876225856,0.0035,0.0747579745804285));
#1546=CARTESIAN_POINT('',(0.0430809419917914,0.0035,0.0755067043952142));
#1547=CARTESIAN_POINT('',(0.0430809419917914,-0.0249999979,0.0755067043952142));
#1548=CARTESIAN_POINT('',(0.0430809419917914,0.0250000021,0.0755067043952142));
#1549=CARTESIAN_POINT('',(0.0399954876225855,0.0250000021,0.0747579745804284));
#1550=CARTESIAN_POINT('',(0.0510086005284681,-0.0249999979,0.0468710414208197));
#1551=CARTESIAN_POINT('',(0.0510086005284681,0.0250000021,0.0468710414208197));
#1552=CARTESIAN_POINT('',(0.0430809419917914,-0.0249999979,0.0755067043952142));
#1553=CARTESIAN_POINT('',(0.0510086005284681,-0.0249999979,0.0468710414208197));
#1554=CARTESIAN_POINT('',(0.054040413061554,-0.0249999979,0.0168799848101986));
#1555=CARTESIAN_POINT('',(0.054040413061554,-0.0249999979,0.0168799848101986));
#1556=CARTESIAN_POINT('',(0.052452913061554,-0.0249999979,0.0168799848101986));
#1557=CARTESIAN_POINT('',(0.054040413061554,0.0250000021,0.0168799848101986));
#1558=CARTESIAN_POINT('',(0.052452913061554,0.0250000021,0.0168799848101986));
#1559=CARTESIAN_POINT('',(0.029560206530777,-0.0249999979,0.037753352197607));
#1560=CARTESIAN_POINT('',(0.029560206530777,0.0250000021,0.037753352197607));
#1561=CARTESIAN_POINT('',(0.0396420871500067,0.0035,0.0762143090426936));
#1562=CARTESIAN_POINT('',(0.036556632780801,0.0035,0.0754655792279078));
#1563=CARTESIAN_POINT('',(0.036556632780801,0.0035,0.0754655792279078));
#1564=CARTESIAN_POINT('',(0.0396420871500067,0.0035,0.0762143090426936));
#1565=CARTESIAN_POINT('',(0.0427275415192125,0.0035,0.0769630388574793));
#1566=CARTESIAN_POINT('',(0.0427275415192125,0.0035,0.0769630388574793));
#1567=CARTESIAN_POINT('',(0.036556632780801,-0.0249999979,0.0754655792279078));
#1568=CARTESIAN_POINT('',(0.036556632780801,-0.0035,0.0754655792279078));
#1569=CARTESIAN_POINT('',(0.036556632780801,-0.0035,0.0754655792279078));
#1570=CARTESIAN_POINT('',(0.036556632780801,-0.0249999979,0.0754655792279078));
#1571=CARTESIAN_POINT('',(0.0396420871500067,-0.0035,0.0762143090426936));
#1572=CARTESIAN_POINT('',(0.0427275415192125,-0.0035,0.0769630388574793));
#1573=CARTESIAN_POINT('',(0.0427275415192125,-0.0035,0.0769630388574793));
#1574=CARTESIAN_POINT('',(0.0396420871500067,-0.0035,0.0762143090426936));
#1575=CARTESIAN_POINT('',(0.0427275415192125,-0.0249999979,0.0769630388574793));
#1576=CARTESIAN_POINT('',(0.0427275415192125,-0.0249999979,0.0769630388574793));
#1577=CARTESIAN_POINT('',(0.0427275415192125,-0.0249999979,0.0769630388574793));
#1578=CARTESIAN_POINT('',(0.0396420871500067,2.09999997667757E-9,0.0762143090426936));
#1579=CARTESIAN_POINT('',(0.0383396978754087,0.,0.0859436897414732));
#1580=CARTESIAN_POINT('',(0.0384048976284196,-0.00336602540378447,0.086050671910733));
#1581=CARTESIAN_POINT('',(0.0369320605048263,0.005,0.0836339862152817));
#1582=CARTESIAN_POINT('',(0.0359975987829884,0.00313031677798353,0.0821006868164976));
#1583=CARTESIAN_POINT('',(0.0356954432713042,0.00298274773402047,0.0816048988633073));
#1584=CARTESIAN_POINT('',(0.0354254492059414,0.00268321465132931,0.0811618826022646));
#1585=CARTESIAN_POINT('',(0.0352078633272847,0.00225417938866897,0.0808048596347834));
#1586=CARTESIAN_POINT('',(0.0365399201829644,0.00354012593596753,0.0816481938821404));
#1587=CARTESIAN_POINT('',(0.0361982076217527,0.00337323771444508,0.081087499257183));
#1588=CARTESIAN_POINT('',(0.035892866961002,0.0030344909006487,0.08058648499345));
#1589=CARTESIAN_POINT('',(0.0356467955672855,0.00254928797439185,0.0801827219379644));
#1590=CARTESIAN_POINT('',(0.0370680864490695,0.0037811054218383,0.0812545791130072));
#1591=CARTESIAN_POINT('',(0.0367031132132926,0.00360285697230481,0.0806557175118189));
#1592=CARTESIAN_POINT('',(0.0363769877452289,0.00324105136497804,0.0801205987665301));
#1593=CARTESIAN_POINT('',(0.0361141660553314,0.00272282024881292,0.079689351204763));
#1594=CARTESIAN_POINT('',(0.0375708300857613,0.0038847061557466,0.0809173482041652));
#1595=CARTESIAN_POINT('',(0.0371958567333876,0.00370157377198504,0.0803020780413339));
#1596=CARTESIAN_POINT('',(0.0368607955615896,0.00332985483977855,0.0797522972624451));
#1597=CARTESIAN_POINT('',(0.0365907726654514,0.00279742440410788,0.0793092336947986));
#1598=CARTESIAN_POINT('',(0.0352877180391101,0.00240159395059808,0.0809358882031779));
#1599=CARTESIAN_POINT('',(0.0356283514433456,0.00259279893737412,0.0803404571137367));
#1600=CARTESIAN_POINT('',(0.0360543841576416,0.00274276388747698,0.0797766297379149));
#1601=CARTESIAN_POINT('',(0.0365955227265534,0.00280676009373392,0.0793170277709623));
#1602=CARTESIAN_POINT('',(0.0365955227265534,0.00280676009373392,0.0793170277709623));
#1603=CARTESIAN_POINT('',(0.0380846613270855,0.,0.0817604615334616));
#1604=CARTESIAN_POINT('',(0.0375642475386775,0.00388146937989897,0.0809065473171408));
#1605=CARTESIAN_POINT('',(0.0375642475386775,0.00388146937989897,0.0809065473171408));
#1606=CARTESIAN_POINT('',(0.03696579996782,0.00375355735453133,0.0812712682241839));
#1607=CARTESIAN_POINT('',(0.0364040047379676,0.00345339011543987,0.0816136515435959));
#1608=CARTESIAN_POINT('',(0.0358912329280102,0.00307113709362729,0.0819261577826401));
#1609=CARTESIAN_POINT('',(0.0397192214682345,-0.00314088553677474,0.08444250834515));
#1610=CARTESIAN_POINT('',(0.0403962784472128,-7.58941520739853E-19,0.0855534485094709));
#1611=CARTESIAN_POINT('',(0.0397192214682344,0.00314088553677474,0.08444250834515));
#1612=CARTESIAN_POINT('',(0.0380846613270855,0.00444188292396833,0.0817604615334616));
#1613=CARTESIAN_POINT('',(0.0364501011859365,0.00314088553677474,0.0790784147217732));
#1614=CARTESIAN_POINT('',(0.0357730442069581,7.15742840429884E-19,0.0779674745574524));
#1615=CARTESIAN_POINT('',(0.0364501011859365,-0.00314088553677474,0.0790784147217732));
#1616=CARTESIAN_POINT('',(0.0380846613270855,-0.00444188292396834,0.0817604615334616));
#1617=CARTESIAN_POINT('',(0.0397192214682345,-0.00314088553677474,0.08444250834515));
#1618=CARTESIAN_POINT('',(0.0403962784472128,-7.58941520739853E-19,0.0855534485094709));
#1619=CARTESIAN_POINT('',(0.0397192214682344,0.00314088553677474,0.08444250834515));
#1620=CARTESIAN_POINT('',(0.0421654911743614,-0.00350676916635053,0.0833801195965865));
#1621=CARTESIAN_POINT('',(0.042921418924655,-4.33680868994202E-19,0.0846204738432749));
#1622=CARTESIAN_POINT('',(0.0421654911743615,0.00350676916635053,0.0833801195965866));
#1623=CARTESIAN_POINT('',(0.0403405201474284,0.00495932051516472,0.0803856395520842));
#1624=CARTESIAN_POINT('',(0.0385155491204954,0.00350676916635053,0.0773911595075821));
#1625=CARTESIAN_POINT('',(0.0377596213702019,5.07372735405326E-19,0.0761508052608937));
#1626=CARTESIAN_POINT('',(0.0385155491204955,-0.00350676916635053,0.0773911595075821));
#1627=CARTESIAN_POINT('',(0.0403405201474285,-0.00495932051516472,0.0803856395520842));
#1628=CARTESIAN_POINT('',(0.0421654911743614,-0.00350676916635053,0.0833801195965865));
#1629=CARTESIAN_POINT('',(0.042921418924655,-4.33680868994202E-19,0.0846204738432749));
#1630=CARTESIAN_POINT('',(0.0421654911743615,0.00350676916635053,0.0833801195965866));
#1631=CARTESIAN_POINT('',(0.0426771069734458,-0.00175338458317541,0.0810149680851293));
#1632=CARTESIAN_POINT('',(0.0430550708485927,-4.33680868994162E-19,0.0816351452084735));
#1633=CARTESIAN_POINT('',(0.0426771069734458,0.00175338458317541,0.0810149680851293));
#1634=CARTESIAN_POINT('',(0.0417646214599793,0.00247966025758256,0.0795177280628779));
#1635=CARTESIAN_POINT('',(0.0408521359465127,0.00175338458317541,0.0780204880406268));
#1636=CARTESIAN_POINT('',(0.0404741720713659,3.2187251995661E-19,0.0774003109172826));
#1637=CARTESIAN_POINT('',(0.0408521359465127,-0.00175338458317541,0.0780204880406268));
#1638=CARTESIAN_POINT('',(0.0417646214599793,-0.00247966025758256,0.0795177280628781));
#1639=CARTESIAN_POINT('',(0.0426771069734458,-0.00175338458317541,0.0810149680851293));
#1640=CARTESIAN_POINT('',(0.0430550708485927,-4.33680868994162E-19,0.0816351452084735));
#1641=CARTESIAN_POINT('',(0.0426771069734458,0.00175338458317541,0.0810149680851293));
#1642=CARTESIAN_POINT('',(0.0417646214599795,-1.71532912727967E-16,0.0795177280628782));
#1643=CARTESIAN_POINT('',(0.0417646214599795,-4.00593428432545E-32,0.0795177280628782));
#1644=CARTESIAN_POINT('',(0.0417646214599795,1.71532912727967E-16,0.0795177280628782));
#1645=CARTESIAN_POINT('',(0.0417646214599794,2.42584171573252E-16,0.079517728062878));
#1646=CARTESIAN_POINT('',(0.0417646214599793,1.71532912727967E-16,0.0795177280628779));
#1647=CARTESIAN_POINT('',(0.0417646214599793,2.42185690506695E-32,0.0795177280628778));
#1648=CARTESIAN_POINT('',(0.0417646214599793,-1.71532912727967E-16,0.0795177280628779));
#1649=CARTESIAN_POINT('',(0.0417646214599794,-2.42584171573252E-16,0.079517728062878));
#1650=CARTESIAN_POINT('',(0.0417646214599795,-1.71532912727967E-16,0.0795177280628782));
#1651=CARTESIAN_POINT('',(0.0417646214599795,-4.00593428432545E-32,0.0795177280628782));
#1652=CARTESIAN_POINT('',(0.0417646214599795,1.71532912727967E-16,0.0795177280628782));
#1653=CARTESIAN_POINT('',(0.0417646214599795,0.,0.0795177280628782));
#1654=CARTESIAN_POINT('',(0.0365955227265534,0.00280676009373392,0.0793170277709623));
#1655=CARTESIAN_POINT('',(0.0369652133608757,0.00285048050001158,0.0790030406474052));
#1656=CARTESIAN_POINT('',(0.0378074643945858,0.00285184032297731,0.0784869767087952));
#1657=CARTESIAN_POINT('',(0.0387617408847496,0.00263537036914248,0.0783444779861423));
#1658=CARTESIAN_POINT('',(0.0392212353451498,0.00248401885307864,0.0783714376763498));
#1659=CARTESIAN_POINT('',(0.0392212353451498,0.00248401885307864,0.0783714376763498));
#1660=CARTESIAN_POINT('',(0.0404194604384262,0.,0.0803375297828464));
#1661=CARTESIAN_POINT('',(0.0387008215567443,0.000751968045506919,0.0775175234600331));
#1662=CARTESIAN_POINT('',(0.0360751089381454,0.00107470928616501,0.0784631135546414));
#1663=CARTESIAN_POINT('',(0.036444799572468,0.00111842969244271,0.078149126431084));
#1664=CARTESIAN_POINT('',(0.0372870506061791,0.00111978951540833,0.0776330624924736));
#1665=CARTESIAN_POINT('',(0.038241327096344,0.000903319561572972,0.0774905637698212));
#1666=CARTESIAN_POINT('',(0.0387008215567446,0.000751968045508799,0.0775175234600291));
#1667=CARTESIAN_POINT('',(0.0360751089381454,-0.00107470928616504,0.0784631135546414));
#1668=CARTESIAN_POINT('',(0.0364447995724677,-0.0011184296924427,0.0781491264310843));
#1669=CARTESIAN_POINT('',(0.0372870506061778,-0.00111978951540843,0.0776330624924744));
#1670=CARTESIAN_POINT('',(0.0382413270963416,-0.00090331956157358,0.0774905637698215));
#1671=CARTESIAN_POINT('',(0.0387008215567418,-0.00075196804550974,0.077517523460029));
#1672=CARTESIAN_POINT('',(0.0387008215567418,-0.000751968045509751,0.077517523460029));
#1673=CARTESIAN_POINT('',(0.0404194604384262,0.,0.0803375297828464));
#1674=CARTESIAN_POINT('',(0.0392212353451523,-0.00248401885307585,0.078371437676354));
#1675=CARTESIAN_POINT('',(0.0365955227265534,-0.00280676009373395,0.0793170277709623));
#1676=CARTESIAN_POINT('',(0.0369652133608761,-0.00285048050001165,0.0790030406474049));
#1677=CARTESIAN_POINT('',(0.0378074643945872,-0.00285184032297726,0.0784869767087944));
#1678=CARTESIAN_POINT('',(0.038761740884752,-0.00263537036914189,0.0783444779861421));
#1679=CARTESIAN_POINT('',(0.0392212353451526,-0.00248401885307772,0.07837143767635));
#1680=CARTESIAN_POINT('',(0.0375642475386775,-0.00388146937989897,0.0809065473171408));
#1681=CARTESIAN_POINT('',(0.0379729135712746,-0.00396881754951984,0.0806574878283154));
#1682=CARTESIAN_POINT('',(0.0388153423580297,-0.00397156372160545,0.0801440737780514));
#1683=CARTESIAN_POINT('',(0.0395742870271435,-0.00354027420599359,0.0796815387096609));
#1684=CARTESIAN_POINT('',(0.0398990466500216,-0.00323598689858518,0.0794836155665235));
#1685=CARTESIAN_POINT('',(0.0398990466500182,-0.0032359868985884,0.0794836155665256));
#1686=CARTESIAN_POINT('',(0.0404194604384262,0.,0.0803375297828464));
#1687=CARTESIAN_POINT('',(0.0409398742268342,-0.00323598689858518,0.0811914439991673));
#1688=CARTESIAN_POINT('',(0.0386050751154935,-0.00388146937989896,0.0826143757497824));
#1689=CARTESIAN_POINT('',(0.0390137411480909,-0.00396881754951988,0.0823653162609569));
#1690=CARTESIAN_POINT('',(0.0398561699348472,-0.00397156372160503,0.0818519022106924));
#1691=CARTESIAN_POINT('',(0.0406151146039594,-0.00354027420599376,0.0813893671423028));
#1692=CARTESIAN_POINT('',(0.0409398742268377,-0.00323598689858518,0.0811914439991652));
#1693=CARTESIAN_POINT('',(0.0416176855317026,-0.00248401885307866,0.0823036218893431));
#1694=CARTESIAN_POINT('',(0.0414321899912836,-0.00263443983229816,0.0827217800703758));
#1695=CARTESIAN_POINT('',(0.040866354798937,-0.00285230071927376,0.0835085272031054));
#1696=CARTESIAN_POINT('',(0.0400224474106696,-0.00285049406683861,0.0840191778268451));
#1697=CARTESIAN_POINT('',(0.0395737999276174,-0.00280676009373396,0.0842038952959609));
#1698=CARTESIAN_POINT('',(0.0416176855317026,-0.00248401885307865,0.082303621889343));
#1699=CARTESIAN_POINT('',(0.0404194604384262,0.,0.0803375297828464));
#1700=CARTESIAN_POINT('',(0.0421380993201107,-0.000751968045509755,0.0831575361056639));
#1701=CARTESIAN_POINT('',(0.0421380993201107,-0.000751968045509779,0.0831575361056639));
#1702=CARTESIAN_POINT('',(0.0419526037796916,-0.000902389024729273,0.0835756942866966));
#1703=CARTESIAN_POINT('',(0.041386768587345,-0.00112024991170488,0.0843624414194262));
#1704=CARTESIAN_POINT('',(0.0405428611990777,-0.0011184432592697,0.0848730920431659));
#1705=CARTESIAN_POINT('',(0.0400942137160255,-0.00107470928616505,0.0850578095122817));
#1706=CARTESIAN_POINT('',(0.0421380993201107,0.000751968045509748,0.0831575361056639));
#1707=CARTESIAN_POINT('',(0.0419526037796916,0.000902389024729241,0.0835756942866966));
#1708=CARTESIAN_POINT('',(0.041386768587345,0.00112024991170483,0.0843624414194262));
#1709=CARTESIAN_POINT('',(0.0405428611990777,0.00111844325926967,0.0848730920431659));
#1710=CARTESIAN_POINT('',(0.0400942137160255,0.00107470928616502,0.0850578095122817));
#1711=CARTESIAN_POINT('',(0.0421380993201107,0.000751968045509733,0.0831575361056639));
#1712=CARTESIAN_POINT('',(0.0404194604384262,0.,0.0803375297828464));
#1713=CARTESIAN_POINT('',(0.0416176855317026,0.00248401885307863,0.0823036218893431));
#1714=CARTESIAN_POINT('',(0.0416176855317026,0.00248401885307865,0.0823036218893431));
#1715=CARTESIAN_POINT('',(0.0414321899912835,0.00263443983229815,0.0827217800703758));
#1716=CARTESIAN_POINT('',(0.040866354798937,0.00285230071927373,0.0835085272031054));
#1717=CARTESIAN_POINT('',(0.0400224474106697,0.00285049406683858,0.0840191778268451));
#1718=CARTESIAN_POINT('',(0.0395737999276175,0.00280676009373393,0.0842038952959609));
#1719=CARTESIAN_POINT('',(0.0409398742268342,0.00323598689858841,0.0811914439991673));
#1720=CARTESIAN_POINT('',(0.040614984984315,0.00354039565462681,0.0813894461383528));
#1721=CARTESIAN_POINT('',(0.039853976405332,0.00397214981334896,0.0818532390463875));
#1722=CARTESIAN_POINT('',(0.0390135554537635,0.0039687778592635,0.0823654294314447));
#1723=CARTESIAN_POINT('',(0.0386050751154935,0.00388146937989896,0.0826143757497824));
#1724=CARTESIAN_POINT('',(0.0409398742268342,0.00323598689858841,0.0811914439991673));
#1725=CARTESIAN_POINT('',(0.0404194604384262,0.,0.0803375297828464));
#1726=CARTESIAN_POINT('',(0.0398990466500182,0.0032359868985884,0.0794836155665256));
#1727=CARTESIAN_POINT('',(0.0398990466500182,0.00323598689858841,0.0794836155665256));
#1728=CARTESIAN_POINT('',(0.0395741574074989,0.00354039565462682,0.0796816177057111));
#1729=CARTESIAN_POINT('',(0.0388131488285158,0.00397214981334899,0.0801454106137458));
#1730=CARTESIAN_POINT('',(0.0379727278769475,0.00396877785926351,0.0806576009988031));
#1731=CARTESIAN_POINT('',(0.0375642475386775,0.00388146937989897,0.0809065473171408));
#1732=CARTESIAN_POINT('',(0.0389359673658303,0.005,0.0824127151072245));
#1733=CARTESIAN_POINT('',(0.0389359673658303,0.005,0.0824127151072245));
#1734=CARTESIAN_POINT('',(0.0409398742268342,0.005,0.0811914439991673));
#1735=CARTESIAN_POINT('',(0.0409398742268342,0.005,0.0811914439991673));
#1736=CARTESIAN_POINT('',(0.0401592535442222,0.005,0.079910572674686));
#1737=CARTESIAN_POINT('',(0.0401592535442222,0.005,0.079910572674686));
#1738=CARTESIAN_POINT('',(0.0398990466500182,0.005,0.0794836155665256));
#1739=CARTESIAN_POINT('',(0.0398990466500182,0.005,0.0794836155665256));
#1740=CARTESIAN_POINT('',(0.0378951397890142,0.005,0.0807048866745828));
#1741=CARTESIAN_POINT('',(0.0378951397890142,0.005,0.0807048866745828));
#1742=CARTESIAN_POINT('',(0.0396748662982212,0.005,0.0801848904618505));
#1743=CARTESIAN_POINT('',(0.0378951397890142,0.005,0.0807048866745828));
#1744=CARTESIAN_POINT('',(0.0378951397890142,-0.005,0.0807048866745828));
#1745=CARTESIAN_POINT('',(0.0398990466500182,-0.005,0.0794836155665256));
#1746=CARTESIAN_POINT('',(0.0398990466500182,0.005,0.0794836155665256));
#1747=CARTESIAN_POINT('',(0.0401592535442222,0.005,0.079910572674686));
#1748=CARTESIAN_POINT('',(0.0401592535442222,-0.005,0.079910572674686));
#1749=CARTESIAN_POINT('',(0.0409398742268342,-0.005,0.0811914439991673));
#1750=CARTESIAN_POINT('',(0.0409398742268342,0.005,0.0811914439991673));
#1751=CARTESIAN_POINT('',(0.0389359673658303,0.005,0.0824127151072245));
#1752=CARTESIAN_POINT('',(0.0389359673658303,-0.005,0.0824127151072245));
#1753=CARTESIAN_POINT('',(0.0396748662982212,-0.005,0.0801848904618505));
#1754=CARTESIAN_POINT('',(0.0409292182778315,0.00163397459621553,0.0856833150189966));
#1755=CARTESIAN_POINT('',(0.0409292182778315,0.00163397459621553,0.0856833150189966));
#1756=CARTESIAN_POINT('',(0.0429331251388355,0.00163397459621553,0.0844620439109394));
#1757=CARTESIAN_POINT('',(0.0429331251388355,0.00163397459621553,0.0844620439109394));
#1758=CARTESIAN_POINT('',(0.0425428147975295,0.00293301270189221,0.0838216082486988));
#1759=CARTESIAN_POINT('',(0.0425428147975295,0.00293301270189221,0.0838216082486988));
#1760=CARTESIAN_POINT('',(0.0424127113504275,0.00336602540378445,0.0836081296946186));
#1761=CARTESIAN_POINT('',(0.0424127113504275,0.00336602540378445,0.0836081296946186));
#1762=CARTESIAN_POINT('',(0.0404088044894235,0.00336602540378445,0.0848294008026758));
#1763=CARTESIAN_POINT('',(0.0404088044894235,0.00336602540378445,0.0848294008026758));
#1764=CARTESIAN_POINT('',(0.0420630691074052,0.00294846081411324,0.0841035420726349));
#1765=CARTESIAN_POINT('',(0.0404088044894235,0.00336602540378445,0.0848294008026758));
#1766=CARTESIAN_POINT('',(0.0394722903988433,0.00336602540378445,0.0854001546752091));
#1767=CARTESIAN_POINT('',(0.0359018888770129,-0.00163397459621556,0.0774342867628107));
#1768=CARTESIAN_POINT('',(0.0379057957380169,-0.00163397459621556,0.0762130156547535));
#1769=CARTESIAN_POINT('',(0.0424127113504275,0.00336602540378445,0.0836081296946186));
#1770=CARTESIAN_POINT('',(0.0425428147975295,0.00293301270189221,0.0838216082486988));
#1771=CARTESIAN_POINT('',(0.0380358991851189,-0.00206698729810779,0.0764264942088337));
#1772=CARTESIAN_POINT('',(0.0384262095264249,-0.00336602540378447,0.0770669298710743));
#1773=CARTESIAN_POINT('',(0.0429331251388355,0.00163397459621553,0.0844620439109394));
#1774=CARTESIAN_POINT('',(0.0409292182778315,0.00163397459621553,0.0856833150189966));
#1775=CARTESIAN_POINT('',(0.036422302665421,-0.00336602540378447,0.0782882009791315));
#1776=CARTESIAN_POINT('',(0.0375561534949946,-0.00205153918588677,0.0767084280327698));
#1777=CARTESIAN_POINT('',(0.0404088044894235,-0.00336602540378448,0.0848294008026758));
#1778=CARTESIAN_POINT('',(0.0404088044894235,-0.00336602540378448,0.0848294008026758));
#1779=CARTESIAN_POINT('',(0.0424127113504275,-0.00336602540378447,0.0836081296946186));
#1780=CARTESIAN_POINT('',(0.0424127113504275,-0.00336602540378447,0.0836081296946186));
#1781=CARTESIAN_POINT('',(0.0428030216917335,-0.00206698729810779,0.0842485653568592));
#1782=CARTESIAN_POINT('',(0.0428030216917335,-0.00206698729810779,0.0842485653568592));
#1783=CARTESIAN_POINT('',(0.0429331251388355,-0.00163397459621556,0.0844620439109394));
#1784=CARTESIAN_POINT('',(0.0429331251388355,-0.00163397459621556,0.0844620439109394));
#1785=CARTESIAN_POINT('',(0.0409292182778315,-0.00163397459621557,0.0856833150189966));
#1786=CARTESIAN_POINT('',(0.0409292182778315,-0.00163397459621557,0.0856833150189966));
#1787=CARTESIAN_POINT('',(0.0423325591133627,-0.00205153918588678,0.0845457312543386));
#1788=CARTESIAN_POINT('',(0.0409292182778315,-0.00163397459621557,0.0856833150189966));
#1789=CARTESIAN_POINT('',(0.036422302665421,0.00336602540378443,0.0782882009791315));
#1790=CARTESIAN_POINT('',(0.0384262095264249,0.00336602540378445,0.0770669298710743));
#1791=CARTESIAN_POINT('',(0.0429331251388355,-0.00163397459621556,0.0844620439109394));
#1792=CARTESIAN_POINT('',(0.0428030216917335,-0.00206698729810779,0.0842485653568592));
#1793=CARTESIAN_POINT('',(0.0382961060793229,0.0029330127018922,0.0768534513169941));
#1794=CARTESIAN_POINT('',(0.0379057957380169,0.00163397459621553,0.0762130156547535));
#1795=CARTESIAN_POINT('',(0.0424127113504275,-0.00336602540378447,0.0836081296946186));
#1796=CARTESIAN_POINT('',(0.0404088044894235,-0.00336602540378448,0.0848294008026758));
#1797=CARTESIAN_POINT('',(0.0394722903988433,-0.00336602540378448,0.0854001546752091));
#1798=CARTESIAN_POINT('',(0.0359018888770129,0.00163397459621552,0.0774342867628107));
#1799=CARTESIAN_POINT('',(0.0378256435009521,0.00294846081411322,0.0771506172144736));
#1800=CARTESIAN_POINT('',(0.0354909859979059,-0.00220555881217474,0.0788674829759047));
#1801=MECHANICAL_DESIGN_GEOMETRIC_PRESENTATION_REPRESENTATION('',(#943),
#1802);
#1802=(
GEOMETRIC_REPRESENTATION_CONTEXT(3)
GLOBAL_UNCERTAINTY_ASSIGNED_CONTEXT((#1803))
GLOBAL_UNIT_ASSIGNED_CONTEXT((#1806,#1805,#1804))
REPRESENTATION_CONTEXT('Part 5','TOP_LEVEL_ASSEMBLY_PART')
);
#1803=UNCERTAINTY_MEASURE_WITH_UNIT(LENGTH_MEASURE(2.E-5),#1806,
'DISTANCE_ACCURACY_VALUE','Maximum Tolerance applied to model');
#1804=(
NAMED_UNIT(*)
SI_UNIT($,.STERADIAN.)
SOLID_ANGLE_UNIT()
);
#1805=(
NAMED_UNIT(*)
PLANE_ANGLE_UNIT()
SI_UNIT($,.RADIAN.)
);
#1806=(
LENGTH_UNIT()
NAMED_UNIT(*)
SI_UNIT($,.METRE.)
);
#1807=PRODUCT_DEFINITION_SHAPE('','',#1808);
#1808=PRODUCT_DEFINITION('','',#1810,#1809);
#1809=PRODUCT_DEFINITION_CONTEXT('',#1816,'design');
#1810=PRODUCT_DEFINITION_FORMATION_WITH_SPECIFIED_SOURCE('','',#1812,
 .NOT_KNOWN.);
#1811=PRODUCT_RELATED_PRODUCT_CATEGORY('','',(#1812));
#1812=PRODUCT('Part 5','Part 5','Part 5',(#1814));
#1813=PRODUCT_CATEGORY('','');
#1814=PRODUCT_CONTEXT('',#1816,'mechanical');
#1815=APPLICATION_PROTOCOL_DEFINITION('international standard',
'ap242_managed_model_based_3d_engineering',2011,#1816);
#1816=APPLICATION_CONTEXT('managed model based 3d engineering');
ENDSEC;
END-ISO-10303-21;
